id,seq,class
seq00001,TTGGCAGGAGTGAGCGTTCAACAGGTCTGCGTCCTTATCCAAGCTCGCTCTGCTGCCAGTCTCTCTCTCCCCCAG,TRUE
seq00002,AGCGGAGCCTGGAGGTCCGCGTGTGTCCAGCCTGTCCCCAAGCCTCGGTAACCAGTGTGATCCTCCTGTCCCACCGTCTCCAG,TRUE
seq00003,CAGACCTAAGGGTCAGAAGACACTGCCCATTGCGGCGCAGTGTCCTCTTCCCCTCAGG,TRUE
seq00004,ACCTGGCGGGATGAGCAGGAACTGCACAGCGCACTGGACTGGTAGGGCTCCATCCCGACGTCTGCCTCATCCCCTCAG,TRUE
seq00005,AGGTGTCAGGCGTGGAGGTGCAGCTGAGTATGACCGGTTCCTGCTCCTGCCTCTTGCCTCTTCCTGCCAG,TRUE
seq00006,GAGCCTAAGAGCCCTGGGCGGTCTAGGGACGTCAGGTGGCTTCCCATGTGCCTCCCCTGGCCTCCTCTGCAG,TRUE
seq00007,GTGACTGGGGGACAAGGGGGGTGGGGCACCCAGCCCTGTGTGCCCACCGATCTCCAAGCCCTCCCCTGCCTGCTCAG,TRUE
seq00008,GTGAAGGACTGAAGGAAGTCAGGGAGTGTATGACTGGCACCTTCGCTCTGTCCTGTCCCCCTACAG,TRUE
seq00009,GACAAGGCCGAGAAGGACAGTGGAGCACGCTACGGGAAGAGGCCTCCCGGCTCCTCTCTGAAG,TRUE
seq00010,GAGACAGGCCAAGCTAGGGGGATCTGGGTGGTGACCTGGCTACTCTCTGAGTGGCCCCCCCAG,TRUE
seq00011,GTGCTGTGGGAGTCGGCAGTCAGCTCGCCTCGTCCCTCGCCCCAGTCTGCACTCCTCCCCTAG,TRUE
seq00012,GTGGAAGGTGACTGCCTGCGCCGCCTGGGTATTCATGCCGCTGCCCGCAACAGTCATGCCCACCTCGACCTCTAG,TRUE
seq00013,GCCGCTGGGGGGCTTAGCGAGAAGAGCTGTGTCCCTATGGTACCTGCCCTGACGTGTGCTCCCAG,TRUE
seq00014,GTGCCTGAGGTGGCTGGGCTTGAGCAGAGAACCCAAGACCCTCCCCCTGGTCCCCCCCACCTATCAGG,TRUE
seq00015,GTGGTTCAAGACGGGCTCCGACGAGTGTCCATGACGACACTCCCCCGACCACCTGACCCCAG,TRUE
seq00016,GTGAGTCGGGGCGTAGGCGGGATAGACGCCTCTGCTGAGGAATGTCCGTTCACCCATGCCCAG,TRUE
seq00017,GAAGGGACCAGCTGTGAGAGGTCTGGTGTCCATCCCTGCTGGCCTGTGTACCTCCCCTCGG,TRUE
seq00018,GTGGCACGGGAAAGGGACACGTAAAGGCGCTTCCATCTGCCCCTGCTCCCGATGTCAGCCAG,TRUE
seq00019,TACAGTGTGGGGAAGATGGGTGAGATGTGGAAAGCCGGGTCCTATCCGTCCCACCTCCCGCCTGCCAAG,TRUE
seq00020,TAAGGTGAAGAGACGGCTCCAGCAGACTGTCGCCTCGGGAGACCTCACTCAATGTCTCTAGACTCCCCTCTCCAG,TRUE
seq00021,GTGAGTAGGGGACTGCGCAATGGGCTCCGCTCACTAGCTGCCTGCTCCACTCCCTCCAGCCTTCCCCTTGCCGCCCAG,TRUE
seq00022,TGTCGGAGACAGTCAGAAGGAGCTACATGTGAGCCTCCCTGACTAGCCCTCTTCCCTTACCTCTCAG,TRUE
seq00023,TTAGGAGGGAGGCACGGTGGAAGGTGGTGAGCAACAGTCCTCTGCGCGCTGCCCTCCACCCCTCCAG,TRUE
seq00024,TTGGCTGGGCCCGATGGCCAGTAGCAGGCAGCTGGCAAGCTCACGCCCCCCTTCCTCCTCAAG,TRUE
seq00025,GTGTGAGGACAGGAGGCGCCGTCAGTGCGCATTCCTCCCGAGCTGTGCCCCTCCTTCACTGACCAGACCGCCCAG,TRUE
seq00026,GTGAGGTCAGTGGCTGAACGACAGACCTGCGCACTGCCATGCTGCTCCTCTCCCTGCTGTGCACCACTCTCTCATCCACTGCAG,TRUE
seq00027,GGCCCTGGTGGGAGCAAAGGGGAACTCGGGAGGTTAGCCTAAGCTCGACTCTGCCCCTCCTCTCCGCCCTCCCAAG,TRUE
seq00028,GGCCGATGGTGTGCCTGTCCGTGCAATGGGGGTGACAGGCTCGGCCTACCACACTCCCTCAG,TRUE
seq00029,GGGAATGGCGGGCTTGAGTGGGATGGGGGCTTCCTACAGGTCGACTGACATTCCACCCCCCTCTCCCCCCCCTCACCTGCCAG,TRUE
seq00030,GTAAGTGTGAGGCTAGAGGAGTGCAGCACTTGCCTGTGTGGACGGTGCCTAGACACCCTCTACACTCCCGCCTTCCTCCAG,TRUE
seq00031,TGTGGGTGGCTGGGCTTCGCGCGTAGGGCCCTACGTCTCTGCACACTCCCGTCCCTTAG,TRUE
seq00032,TGCCCTGACACAGAGAGTTCAAGGGACTCTACGCGGTCTCAGCGTTCTGGTGTATGCCCTCAGATACTCCAG,TRUE
seq00033,CTGAGTGGGCCTGTAACGGAGTCTGCCCCTCATGTCACGGTGTTCAACCCCTCATGCGCTCCCCAG,TRUE
seq00034,GGCCCTAGGCGGGGTCGTGGTCATCGCGGGCCTATCTGGGGTGCCCTCCCTTGCCGGTCTCCCTCCCAG,TRUE
seq00035,TGGGTGAGCTGTGGCGTGCACTGGGCTGTAGTGTCCTCAACCCTGTCACATGTCGCCTTCACCCCATCAG,TRUE
seq00036,GCTGATGGGCGTGGCTGGGTCTAGTGGGCACCAAGCCTGGCCCCCCCCCTCGCTTCCCTCCTCTACTTTTTCCCCAG,TRUE
seq00037,GGGTAAGTGAGGAGGTAGGGACCGGGGTAGGTCTCCGTCCTTCTGTCCACTGCCCGCTCCCCAG,TRUE
seq00038,GAACGGGAAGGGTGGGCGGCTCTTCGTCGGTGAAGGGTACAGACCCCATCCTAGCTCCCCAG,TRUE
seq00039,GGGTCTGTGGGGTGGAGGAAAGCCTCAGCTCGGTACCAACTACGGCCTCCACTCCCTCTCCAG,TRUE
seq00040,TGGAGTAGTGTGGCACCAGCAAAGAGGCTGGTCTAGCAGGCTCAGTCCCATCCCCCCTCCCAG,TRUE
seq00041,TAGGGAAGACAAGAGGCTGGGCGTAAGATTGCACAGCAGCGCTCAGGAGTCTGTGCCCCTAACACACGACCCTACCCCCCCTTCCCCAG,TRUE
seq00042,GTGGGGTGAGTACGCCGTGAGTGCCTGTGACTACTCTAGGGGGGTGAGTCCTGTCCCCTCCGG,TRUE
seq00043,GGAGAGAACAGTGAGCGCGCACTCTGTCCGGACTGCGCCTCCTGGCTGCAAATCCTCAGACTACCAGGCCCCCATCCCACAGCTCCAG,TRUE
seq00044,CTCAGTGGGTGACAGCACGAGGGCTGTCTCGGAACGACAGCCACCAAGCTCTCCCTGTCTCTACCTCCAG,TRUE
seq00045,GAGGGTGAGGAGTCTGGGCCCTGCGGCCTTCTGCTGTGCACTGGTGCCCTCCTATGCTGTGTCTCTTGCCCAGG,TRUE
seq00046,GTGGGATGCAATGAGGGACCCTCGGCTCACCTTCGCCCGCTCTGCGAGTCCCATCCGCCTCTCTACTTTTTTCTGTGG,TRUE
seq00047,GGGAGTGGGGCGAAAGGGGACTTCGGGGAACCGGTCTACAGCCTGTATGCCGACCCTCACTCGCTTCCCAG,TRUE
seq00048,GTGGCAGGGTAGCAAGGCACCAGGAATGGGGTCGAGACTTCGGTTGCGCCCCCTCGTTCTGCTGCAG,TRUE
seq00049,GCCTGCAAGGGAGAGAGTCCCTGAGGCCTACCTCGAGAAGTGTGGCTCTCGCTCTCAACACCTCCTTCAG,TRUE
seq00050,AACGGACATGGGAACAGGTGGGCGTGGTGCCCTAATGAAGGGAGAAGCTTCCCCATGCCTCAG,TRUE
seq00051,GTGAGGAGGAGCCATGGCTCGTGCGTGGGGTAGTGAGATCTAGGGCCTCGTGCACTCCTCCCAG,TRUE
seq00052,GGGACTGTAAGAGAGGTCAGGCTAAGCCACCACAGGCGGCACTGGGTCAAGGGTCACACTACCCTTTCCCCCAG,TRUE
seq00053,GTGAGTCTCGGGCTCGAGTAAGCTCGCCATTCCGTTGCCCGTCTGTGGCCTCCCTCCCGTGACTCCCCTCAG,TRUE
seq00054,GGGAGGTCAGGGGCCATGCCGAGGAAGCCCAATATGGGCCTACACAGCCTCCATGCGTTACCCTGCCTTGCCCTGGCCCCTAGG,TRUE
seq00055,TCAGGTAGGCAGGACCACAGACTGCCTCTGGGCGGCTGCTCCCTCACTGTCAACCAGCTCACCCCTGCCCTCCCCCCAG,TRUE
seq00056,AGCTGATGGGTGGGGGAAGGTGTGATGAGTGCAGCCTGCCCTCCACAAGCACGAAGTCTGTGCGACCACTCTCTCCTCAG,TRUE
seq00057,GCAGGGGTGGGGGTCTCAAGGGAGTTCAGGAGTGCAGCCTGAGGTCGCTAGACTACGGAAGCCCGTCAG,TRUE
seq00058,GTGGGGAAGCCAGGGCGTGTGTGGAGGCTTGTCCCCTTGACTTCCTGGGTTCCCTCTCAG,TRUE
seq00059,TTCGGAAGGCAGGCTGCCACCAGACGCCAGGGGCACTGCACCAAATCCGTGTCACCTCTCACCTCCG,TRUE
seq00060,GGGCCTAGGCGGGACAGTGAGGCAAACCTGGTGTCACAGTGACTGTCACACGCCATCCCTCCATCCTTCCCCCACTCACCCACAG,TRUE
seq00061,GGGAGTCACGAGTTGAGGACTGACACAAGGGCTAGCGTGTCTGCAGCCCTCACCCAAGGCGCTGGCATTCCTCCCCATCCTGTCCCAG,TRUE
seq00062,TTACGGGGGTCGGTGGGGTGGCCAGGGAGGACTCCTTACTGCGAGCCTCCCTTGAACTCG,TRUE
seq00063,GTAGGTCGGTGTGTGGGAGAGAAGTGCATAGTGGCCTGGGTCTGTGTCTCAGCCTGCCCTGCAG,TRUE
seq00064,ATGAGAGGTGGGTGCGATCCGGGACGAACCAGACATGACGTCACTCGCACCTCCACAG,TRUE
seq00065,TGGGAAGGAGTGAGAGTTGCCTGAGTGAGGGTATAAAGGGCTGCATGCCCTGCACTGTGCCAACACACCTCCCTCTCCAG,TRUE
seq00066,GAGGTGAGTGACAAGGAATGTGGGCTGTGCACAGTCGCGTCTCCCCCCCCCTACTCCCAG,TRUE
seq00067,ATGAGGTGGGGGCTCAGAAGGGGGAAATGGAGCGATGAATCCGGCTGACCATCACCCCTCCCCCCTGCAG,TRUE
seq00068,GTGAGACGTGTCTGTGCGGCTCCAGAGCACCTGTCTCAGCCATGACTCGCTGTGACTGGCATGCTCGTGCACAG,TRUE
seq00069,GTGGTCAGTGGAAGGAAGCCCTGGATGGATCCCTAGACTGTCTCCACTCCCCCTCTTCTCCAG,TRUE
seq00070,GGAGGCTGGCGCTGGTGGGAAGTCAGTGGACCCTCCCTCTCACCGTGACTTTGCCCCAG,TRUE
seq00071,GGGACCTGGGAAGAGAGGACTAGGGTGAGATGGGGGAATGTCAACTCTGCCAGCTCCCTACAG,TRUE
seq00072,GATGACAGGGGAGAGAAGAGGCAGACAGGGCTTGGCTCTGCCGCCTACCCGTGGCTACCATTCAG,TRUE
seq00073,TGTGTGAGAGGGAGGATAGCCACCACTGTGACTGGGAGGCCATACCTGCCTCCCCCCCAG,TRUE
seq00074,ATGAGTAGGGACGTCTGCGACTGGATTGCTGACACTGACCCCCTTGCTCCCTCATCCCAG,TRUE
seq00075,GTGCCTAGCCCGGGAGACCAGAATGTGGGCCTCCCATGCCTCATCTGCCCTCTGCCCACGACCCTGCTGCCTCCCCTGCCCAATATCCCCCAGG,TRUE
seq00076,ATGGGTGAGTGAGACAGGGTAAAGGGAGTCGCAAACCTGCCTGCCTGACTTGCCTTGACCCTAA,TRUE
seq00077,GTGAGTGGGGGGATGGCTGACAAGAGGGCAAGCACCCCACTGAGTGCACTGACAAGCTTCATCATCGGCAG,TRUE
seq00078,GTGACGTCGGGAGCGGAGCTGACGCTTCGTCGGGTCATCTGCCCCTCCCATGCTCCTCTCCGCCCACCAG,TRUE
seq00079,GGGCGATGTGAGACGGAGTCCGAAGAGGCCGTCTGGGCGCACAAGTGGAACCGTGTTAGCGAATACCCCTCACTGACCCCAG,TRUE
seq00080,GCTCCAAGAGGGGTAGAGGCTGACCCTGCGTAGGTGTGCTCCCACCCCGTCCACTGTCCCTCCCCAG,TRUE
seq00081,GTGTCATGGGAGTAGGGAGACCTATGGACGTGGGCTGACTGATGAGTTGGATAGACCCCAG,TRUE
seq00082,GTGTGAGGGCGGACTACCAGCCGTACGTGTACCGCGCCTGTGCCTTTACCCAGACTCCCACCCCCTCCCACCTCACCCCTCCCTCCCTCCCCTCCAG,TRUE
seq00083,GTGAGGGCCTGTGAGGGACTGTCCAGGTGAGTACTGACAGCCCACCTGCTCCTCTCCTCCCAG,TRUE
seq00084,TGGGATGAGTCACGTGCATGGCCTGCCTTGAGGGACTGCTACTCAGCGCCTCATGTGCCCACCCCCCGGAAATCTGCCCCACCCCAG,TRUE
seq00085,GTGAGTAGGGAGGCCGACATGGCTAGCCATTGCATCACACGCTCCTCTGGCCAGATGGCCCCAG,TRUE
seq00086,CTAAGTGGGTGGGGGCAAGGCTGTGCATGTCTCCGCTCACTCACGTCCAACCCCTGTCCCCACTCACCTCCCCAG,TRUE
seq00087,AGGGATAGACTGGAGGTGTCTAGAGTCGCAATAGACCAGGAACCCTGCACAGACTCTCGGCACCTGTCCCTACCCAG,TRUE
seq00088,GTGGAAAGGGGTCAGAGCATCGGGAGGTCACCTCCACTCATCTGCCTGACACTGCATCCCCCAG,TRUE
seq00089,GGGGCATGCCCAAGGCAAAGAAGCGCTGCAATCCCACTCAGTGCAGCACTCTGACCTAGCATCACCTCTCTTTGCAG,TRUE
seq00090,GGACAGAGAGGATGGAAAGGCTTGACCAAGCCACACGACGAATCAGCATCTGGCCACCACACCCTATCCTGCCTTGCCTGCAG,TRUE
seq00091,GTGGCCTGGGGGAAGCTCGCCAGGTGAGCTTCCTCGCCTCTCTCCAGACTCCCAG,TRUE
seq00092,GGTGAACGGGCCTGGACGCCTGGCTGGGGTAGCAATCGTGACCCCTGCCCTACTCCTAG,TRUE
seq00093,GTGACAGACAGGTGGGTGTCGGCTGGGAATTCGCCGAATGGACCGGATCCTGTCCCTGAATCCTCCCCCAG,TRUE
seq00094,GGGACACAGGAGTGCTGAAGAAGAGCGCGGTTGTAGCCCCTCCCGTGCTCTCCCCCCAG,TRUE
seq00095,CTACGTGGCGGACTGGAGACAGAGGCCTCTCCCAGAGGTGGGAGAGGCTAAGAACCAGCAGCCCCGCTCGGCCTCCCAG,TRUE
seq00096,AAGGGCCAGAGTGAGCGTTGAGAGGTCTCCAGCCTGCGTGGGACCCTCAGACATCGGCTCCCTCCCAG,TRUE
seq00097,CTGGCCAGGCGTACTGGGGCAGGCTCAGAAGACCGCCAATCCTAGGTGTCAACCTCTCCCCAG,TRUE
seq00098,TAGAGTGGGACGAGGGAGAAATGACGGACTCGCCTCCCTGGATCCCCGTCTGCTTCCCCTCAACCCCCTGCCTCACTCACCAG,TRUE
seq00099,GAGGAGCATGGAGGGGAGTAGCTGGATGTCGCCTCCCTAGCTCTCTCCTCTCCTTCCAACCGTCTCATTCTCTCCGCTGCCCAG,TRUE
seq00100,GGAGGATCAGGGTAAAGAGGGGGTTGATAGGGCCACCCATGTGACGTCCACTACGTGACCAG,TRUE
seq00101,TTGGCGGGGCATGCAGCGGCTGAGGACAACCTGGCTCCGTGCAAAGCTGCTTCCTTGCCCAG,TRUE
seq00102,GGGGCAATGAGGCATGGCACGTCTGGGGTCAGGCACATGCATCGCCGTCCCCCCCTTGCCCTGTCTACTCCTTTCTCTGCCTCTGTGCCAG,TRUE
seq00103,TGTCCCCAGAAGGGTCGGGAGTGTCCGCCCTTGCCCTGCACTCCCTTCGGGCTCCTTCTCAG,TRUE
seq00104,TGGAAAGGGAAGGCTGCATGGGCTAGGACAGTGGCACTCTCGGGCCACCCTTCCTCCCCTCTCTCCTTCCCAG,TRUE
seq00105,GTCCTCGGGAGTGAGTGGATCAGCGTGACACGTGCCTGTGTGAAGTGTCTTGTCTCCCCAAACAGGGAGACCCAAG,TRUE
seq00106,GTGGCTGAGTGTGTGGGGAAAAGGGCCTGTATGGGCTCTGTGTGTCCTGACCCCTCCTTCAG,TRUE
seq00107,GTGGTTGGGACTCGGAGGATAAGGCTGAGACATGAGCCGGCTCGGGACCCACCCTCTGGCCTCGAGCTGGCTCACTATCCCTTTTTTTCGCAG,TRUE
seq00108,TTGCGTGAGGGCTAGGGGAAGAAGCCACGCCGCTGTGCACTCCCGGAGTCCAAAGTGACCCAG,TRUE
seq00109,GTGCCAAGACACGGACAGGACCTGGTCAGGCTGTCTCTGCGTCTCGCCTCCCAAGGGTCAGTCCTCCTCCAG,TRUE
seq00110,GAGGGGAGAGCCGGGTAAGGACTGTGGTGGACAAGGCAAGTCCCCTCCTGGGCAGGTTCTGCACAG,TRUE
seq00111,TGTAGGAGGAGCTCAGGACGACGAAGGCTAAAGGGTCCCTGCATGCATGCCATCTCCCATCTCCGCTGGCCATCACCCCCCTCAG,TRUE
seq00112,GAGGGAACGGAAGCACGCGGCGTCAGGCAGTCAGCCTGGTCACGTGATGCCTACATCAGTCCTCCAG,TRUE
seq00113,TAGGAGGGTCCCTGGAAGCTGGGCTGCCTCGCCAACCTCCCAGCCTCCTCTCCCCCTAGG,TRUE
seq00114,GTGAGAGTGCAGGAGGTGTGGGATCTCCGAAGAGTGTCATTCATCCCTGAGCTGACGCAATGCCGTCCAG,TRUE
seq00115,TAGGAGAGGGTGGACGCTCGATGCGAGTCTCTGAGGCTGCAGAGTCCTCTCCCTCTCCTCCACCCCCCCTAG,TRUE
seq00116,GGGGGTGGCTGACTCGGCTGGAGCCGAGTATGGCCGCACCGTCGACCCCTCGCTCTGGTCCTCTGTCCCTCCTTCTCCTCAG,TRUE
seq00117,GGGGACTCAGGGGGGGTCTGGAGGAAGCGTAAGTCAGACGCCAGCATTGCGGCTCTTCCCTCCTCCCCAG,TRUE
seq00118,CATGAAGGAGGGAACAGTGGAGTGTGATGTGGGTGCGATGGCACTCCCTAGACCCCATCTGCTCCCCAAG,TRUE
seq00119,GACTGTCCAGAGTGCAAGGGGCTTAAGAGACCACCAGTGCTCCCCTCGAGCTGCCCCTCCTTACCCCAG,TRUE
seq00120,GGGATCTGGGTGAGGCCGGCTGTACCTCCACCGCTCACGCGTCTCTTCCCTGCCACACCCCCTCCCCTCCCATCACCTCAACACTCTAG,TRUE
seq00121,ATGAGCTGAGACGGCCTGGCAGGATGTGTAGCGTCCCTTCCACAGTGCCTCTCTCCCCACCCCCAG,TRUE
seq00122,GTGCATGCGAAGGGAAGTCACTGCCTCTCTGAGACCTTGAGCCTCTATCCAGTATGCCTGCCCTTTCTCCACCTCCCAG,TRUE
seq00123,GGAGGGAGGGTGCCTGAGCCAGATGACCAGCCTGGTGTGTGTCCTCCTGTCTGCAACGCCTACCCCCTCCCTTCACCTCATCTCTAG,TRUE
seq00124,AAGGACGAGAATGGCGGGACAAAGCCGTGACTTCCCCCTGCACTACACACTGACCTCTCCCAG,TRUE
seq00125,TGCAGTCTGCAGACGCTGAGGCGAAGAGCTCGTCTGGATCCCTTCTCGCTCCACCCTGCGTCCCCCCAG,TRUE
seq00126,GTGGCAAGGGCTTCCAGGTCGGGGACCACTCAGGGCACTGACTTCTGCAGTCCCTTCCCAG,TRUE
seq00127,TGAGATGGGAAGGGAGTGGACCTTGGAGAGGGCCTCTACCGTGTGCTACTAGCAGAGCCACTCTGACCCCCAG,TRUE
seq00128,GGGCTCTGGGTCCTCGGCACACAGTTAGGGCATGCCGTCACGTGCCCTCCACCCCCTGCATCCCTCCTGCCCCCAG,TRUE
seq00129,GGGCGTGCAGTGAGTGGACGGTGAGTGCACCTGATCTGGAGTGCACTTCCCAACACGTCCCAGG,TRUE
seq00130,CGCTCTGGGAGGTAAGCAGATCACGAGGAAGCTGGACCGTGTAGACTGCCTGAGCCTAGCCCTGGCCACCACCCCCCAG,TRUE
seq00131,ACAGATGGGAAGGGGGATAGCCGTGCACGCTCCCTCAGGCCCTGCTTAGACTGACGAGCTTCGCCTCAG,TRUE
seq00132,ATGGCAGGGACTGCTAGGCCGAGGGGATGACCGCCTTGTGACCTAGCTGCTCATGTGCCCTGTCCAATCTCGCTCCCCCCCAG,TRUE
seq00133,GTGTGTCGGGGTGTGGGCCCCCCGTCTTCTCAGGCACTGGCCTGGTTGGAACAGTAAGCTCCCTCAG,TRUE
seq00134,GGTGGATGGGTGGGCTTGGCTGTGCGGAGTCGCAACCCACTACCCCCCTTCTCTCTCCTCAG,TRUE
seq00135,GTGCGCTGCCCTGTGACCGTTGAGCATCACTACCCAGCCTGCCTCGCTCCCTCCTCCCCCTTCCCCTGCCTCTCCCAG,TRUE
seq00136,GGGGCTTCAGTGGCAGTCCCACCTGCGTCTCTCCAGGCCACCTCGTCCTCTGACCCCTTCCCAG,TRUE
seq00137,GAGAGACGAAGGGCAGGACTGAGCCCAGGGGCCCTGGACACTGCAAGCCTCCCCACCTGGGTCCGCCCCAG,TRUE
seq00138,GGGAAGTGGAGGAGGTCTCGGTGAAGGCCCAGTCTCGTACAACGGCCCTTAGCTTGATCTCCCCCCAG,TRUE
seq00139,GGACGAGTCAAGGTAGACGGGTGTCCCCTTGTCCCGTGGTGCCAGCTCCTCATCTCCACTCTCCAG,TRUE
seq00140,GGGTGTGGAGGGCAGCAGTCTGGGGCCTGTTAGTGGGCTGAAAGCCCCTTACCTCCCCCTGTCCCCCAAG,TRUE
seq00141,GTGAACGGAGTGTGAGGACAACCTGCGAGCCTCCCCCCTGCCACCTCCACTCCGAGATGATCAGTCAG,TRUE
seq00142,GTGGGCAGTGCAGAGGCTATGAGGGAGCTGCAACCTGGCTGCTGCGACCGTCTCCCTCCAG,TRUE
seq00143,AGTCCTTGGGGTGGCTGGGGTCTGTCTGAGGCTGGGCCCCTCATGTCGCTCTCATGTCTAG,TRUE
seq00144,TTGGAAGAGAACAAGGTGCAAGGAGCGCATGCTGGGGTGACCTCCACGCTGATCACCCACCCCCCCAG,TRUE
seq00145,GTGAGTGGCAGACTGAGCAGCCTGGGACACTCAGCTGGGCTGTGCACACCTCCCCTCGCTCCACTTCTAG,TRUE
seq00146,TGTCGTGTGAGAGGGGAAAGACACAGCTGAGCAGGGTCCGTCTCCCTAGGTAGCCTGCTCCCCCTCAG,TRUE
seq00147,GTGAGGCTGACCAGAAAGAAGGCTTGGATCATCCCTCACAGGGTGACGTCCCCTCCCCCCATCCAG,TRUE
seq00148,TGGCGTCAGGAGCGAGATGAGGGTCCTTGAGGGCACGTAAGTGAGTGTCATGACTCAGTCCCAG,TRUE
seq00149,GAGGAAAGGGAGACACCGGGCTCGCCGGGCCTTTCCTCAGAGGCCTCAACCCAGCTGACCCAATCCATAG,TRUE
seq00150,GAAGCCGGGACGGTTGGGTGACTGGGTGAGAAAGGCCCACTGACCCTCTGTCCTGCAAGTCTGCCACCCCCCCCAG,TRUE
seq00151,TGCGCTGCAAGACGGCTAGGGTAAGCCCTCGATCCTGTGCTCTCGATGTGTCTCCTCACCCCACCAG,TRUE
seq00152,CTGTGTGGGGGGGCTAGTGTGACACGGCTGAGAAGTGCGCTCTTACACGGTCTGTCCCTCTCTCTCCCG,TRUE
seq00153,GAGGGGTGGGCTGCCCGGCCAGACTCTGACCCCGGACCCTAGCACGCATGAAACCTCGCCCCTGCATGCCAACCCCCTCCCACCAG,TRUE
seq00154,ATAGAGGGGAATGGGGTGCAAAGAGTAGGGACTTCGGCGATGCCACCCTCCCCTGTCCCCCTCCCCTGTGTCCACAG,TRUE
seq00155,GAGGGGGTGGCATGCCTGGGCAACACCCCTAAGTCCGCTGCCACGTCCTGGGTCTCACCCCTTATCATCCTGCCTTGCCCCAG,TRUE
seq00156,CTAGAGGGGGCACGCCACGTCTGGCTGCAACTCAACCCGGTGTCTAGCTCTCCCTCTCCCCCAG,TRUE
seq00157,ATGGGTGGGTGTCAGTGCACGCGGTCAAGGCCACGTCCTGCCTCAGTGCCACACTTCTGCCAG,TRUE
seq00158,GGCTCAAGAGGCGGAGGCCGACTCAGCATGAGGCGTCTCCACTCCCCCCCCTAGCCGCGATACAG,TRUE
seq00159,GTGGCCTTGGTCCGCATGTACTGGCAGGGTCTCACTCTAGCAGTCTCCTTCCACCCACCCCACCAGCTTCCTTCTCACCCCCTAAG,TRUE
seq00160,GGGTCAAGAAGGAGGAGCGACTGATGGGCGGGGTCCCTCAGCCGCAGCCTCCATCACTCCCCCCCCAG,TRUE
seq00161,GTGTGAGGTTCTGGGGAGAAGGGGAACACAGTGTTGTGGAAGCAGCCGCTATCTCGCTCCCTGTCAGCCCAG,TRUE
seq00162,AAGAGGGTCAGGGAGGTCAGGCCTCCCCTCAAGGAGACCTCCAGCTTGACTCTCCCTCCTCTGGGAACCCTAG,TRUE
seq00163,GAGCGTCGGACAAGGAGGCTGCCTTGCCTGACGATGCCTGAGTGTGACATCCTGCCCCCCCACCCAG,TRUE
seq00164,TGACGATGAGCATGATGAGTGCCTGATGGGGGTCCTCTCGTTGTCTGAGGTACGCTCTCCAG,TRUE
seq00165,GGCGGTGAGGGGTATGAAGGGACTGCACGCCGCCCTCCTCTCCCTGGTCCCCCTGTGTCAGCCGGTCGCTCCACCCCCAG,TRUE
seq00166,GGGGAACAGGAGAGAGTGGCATGAGTTCAACGCGGGCTGACCGCCTGTGCCTGTGACATCCTCCTTGCTCCCTTGCAACACTCTGACACCCTCTCCAG,TRUE
seq00167,AGGTCAGTGCGGACTACGTGGGTTGAGGGGACCAAAGTAGATGACCCCCCAACCACCCCCCTGTCCCTCAG,TRUE
seq00168,GAGGCTGAGTGAGGGGCAGACGAGACAGTCAACTGCCCTGCCCCCTCTACTCACTCCACACCTCCTAACTCCCCCAAG,TRUE
seq00169,TTACCTGAGTGTCAGACGGTGACCAGCCTGACTGACCAGATCCCCGAGCTACTGTCCCAGCCTCCCTAG,TRUE
seq00170,GAAGTGGGTGGATTGCTGCGCCAACCCGATTTGCCCCATAGCACGGCCCTCCCTCCTGCCAGTTTTTTCCCCAG,TRUE
seq00171,GTGAGTGCTGGGTACGGCCGGGAACAAGGCCTGTAGGCTGCGACTGGGATCACACAAGCCCCCTCTCAG,TRUE
seq00172,TGACGTGGGGTGAGGCAAGGTGGAACTGGGGCCAGCCCATCAGCATCCCCATCCCCCACAG,TRUE
seq00173,GACAGCAGGGGGGAGAGCGATCCAAGCCTCGAATGTGAGTCATCGGAGTCTCTCTCTACTGTACACTGTCCAG,TRUE
seq00174,GCTGCGTGGGTCCGTGTGCCACATGACTGTCCGCCATGTCCCTCCATCCCCCCAGTCTCTATGCCCAG,TRUE
seq00175,TCAAGAGGGGGCTGAGTGGGCTGTCAGGCCACACTCCCTCAGCCATGTCCTGCGTCCAGCATCATCCCAG,TRUE
seq00176,TGACCTGGGTGGGGGAAGGACTGAGAGGCGCACATATGGCAAGTCCCCAATGCTGTCCCCCTCCCTTCTCCCTCTTTTCAG,TRUE
seq00177,CTGACAGGGAGTGGGGCTGTAGGCCGGTCTAGACCTGCTGTGTCACCGTAAGCCTGTCCTCCCCCCCCCCCAG,TRUE
seq00178,GCAGCTAGGTGAGTGGGGAGAGCCAGGCTGTCTCACCGCACGGTCTATACCCCTCTCAG,TRUE
seq00179,TGGTGAACGGAGTCAGGGAAGGATTGCCGGGCTGAGCTCCCCTGGCCTGTCTACCTCAGACTGGCCTAG,TRUE
seq00180,GTGTCTAAGTGACTGGACGTGACGAACGCAACCGCCCCCATCCTGCTACCCCTGCCAGAGCCTCCCTCCCCCCCAAG,TRUE
seq00181,TGGCCTGGGTATGCGGAGGAGCACAGGTGAAGTGTGCCTGCTCACCAAGGTGCACTGCCTCCTCAG,TRUE
seq00182,GTGTGTCTGGGGGGTGGACAGGCTTGATGACTGGGGAACACCTCCCCCCTGACCACCTCTGTCAGCAG,TRUE
seq00183,TGACCTGAGTGAGATAGCAGGTGATGGCAGACCGCGTCCCTTGCTGTCAAGGCATGACGCCAGAGCACCCACTCGCCAAAGATCCATCTCCAG,TRUE
seq00184,GGAAGGTTGGAGGGCCCTGGCAAGCCCTGCCTCTGTGGCACTGGCGTCCATTCCGCCCCAG,TRUE
seq00185,CTCCGTGACAGAGTGGGGATAGCGTGCCTGGCCCGGAAAAAGAAGCGCTACGTCTGCACGGCCGGCTCACCAAG,TRUE
seq00186,TGACCACGGAGTCTCTGGGGGAGCAGAGTGGAGAGAAGAGCCATGCCTCCCGTCCTGCACCCCATACCCTAGG,TRUE
seq00187,TGAAGCAGGGTGGACAAGGGGTGCTGGTGAGTTAGCTCGAGCACGCTGACGCACTCCAGAAAGACCCCCCCACAG,TRUE
seq00188,GTGCATGTGGGACACGGGGGCCTGACTGGTCCCTTTGCAAGAGCTGAGCACCACGCCCGATCCTCTCAG,TRUE
seq00189,TAACGTGGGTGTGGAGGGATGGCCGGCCTAGGCTGCCCTGAGAAGCACCCTTCCTCCATAAAG,TRUE
seq00190,ATGAGTTAGTGGGAGACGAGAGGGTGAGCGATCAGCCTACACCCTGACCTGCCCTACAAGCTCAGCCCTCCATTCTTTTCCCCCGG,TRUE
seq00191,ATGGGAGGGGGTGGGCCACCCATCGCTGCCAGGGCTCCTATCTCTGGACCTGACGCTAATCCCCCCTCCACCCAG,TRUE
seq00192,CTGTGTGTGGGGCATGGGAAAGGAGAGTGAGCTCGCATCCTCAGCCCCAGCTTCAATCCCGCAG,TRUE
seq00193,TAGGGTGTGAAGGGTAGCCGGATCACGTGACGCTCTCCCCCTGGACTGTACCTGGTGACCCCCCCAG,TRUE
seq00194,TGTCCTGCGTGGGTGTGGGCGCTGTGAGCAGACTGGAAGATACACACACTGATCAACCCACCCTCCTCTCATTTTTATGCCTCCCCAG,TRUE
seq00195,TTACCTGAGAGGAGCTGGCTGGGCGGGTTCACCCCATGACCTAGTGCCCTGCACCACCTGCCCCCCCAACGCCTCAG,TRUE
seq00196,ACAGCTTGGGGGGTCACGCAGTAAGGACCCCCTCCACGTGCCCCCTTCCCTCCCCCTCCTCAG,TRUE
seq00197,GGGCCTTGGGAGGGCCGGTTACCCGGGACCTCCTCACCCGTCCTGACTCCTCTCCCTCCTCCCCAAG,TRUE
seq00198,TGACGTAGGGGATCCGTGATGAGCCGTGTACAGAGCTATGTCCTCTCTGTCCCCTGCCTACACTGCACCCAG,TRUE
seq00199,AGGTGTGGCGAGGGCAGAGCGGTCCCTCAGGCTCAAGGGAACCTCCTGCCTTGCTCCCCCCCAG,TRUE
seq00200,GGAGCTGGGCTTGGACGGCTCCTTGAGACGCAATGCCCCCCATCTCTCCTCTGCCTGCCTCAACTGCCACCTCACCCTGCCGCTTAG,TRUE
seq00201,CTCTGAGGGCCAGAGAAGAGGCTGCAGAGCACTGCTCGAGTGCAAACAGGCTAGCTTGGCAGAGTGCCTCAACTCCTAAGTTT,TRUE
seq00202,AAGGCTGGAGGTGGTAGGCAGGCATCTGCCCGACTGCGTGCTCCTTCACTCGGCAAAGTCTCCCTCAG,TRUE
seq00203,GTGGCAAGAGATAAGGGGGTCCCGTAGAGTGACCACCATGCACTGCGTACCCGAGCATGGGCCCTCCAG,TRUE
seq00204,ATCACAAGGGGGTCAAGTCTGTGAAGGAAGGCCCCTTCCCGAGCTCCCTCCCTACCTCTCCCTCCCTCAGG,TRUE
seq00205,GCTGAAGAGCAAGGACATGCCTGGTCTGAGCTATCCGCTCCCTGCAAGTCTCACATGCCTTCCAG,TRUE
seq00206,GGGATACCGGTAGGCTGGTGTGCCTGGCCACCCAAGCATCCCCCCTATTCCCTACCCCCACCCCCCTCAG,TRUE
seq00207,TGCACAGGAGTCTGTGTGAGCATAGGAGGGAACACCAGTGCTGACCAGACTAGACACCGCTCACTCTCCCTCTGG,TRUE
seq00208,GGACGAGAGCGTGTGGTCAGGGGAAAGTCGCAACTCGCCTGCTCCGGCACTCCCACCCGCCAGCCTGCGTCCCTAAG,TRUE
seq00209,GGGCGAGTAGAAGGGCAAAGGCCATAGCTGGCCTTCCTGTCCAGTCCCTCCCCTCCTGCCCTGCCCCTCCAG,TRUE
seq00210,GAGAGAGTGAGGGAGCAGAGACAGGTGTGACTGCGCAGTGCCAAAGTAGGCCAAGTGCCAGCTCTCCTCACAAG,TRUE
seq00211,GTGGATGGACCTGACAGAGTGCGGCTACTTGCAATTGCATGCGCACAAACCTCACCCCCAG,TRUE
seq00212,GGGTGACAGACGGGTGCAAAGGGCCGGACTCCCCCTCTCTCTTTCCTCTCCCTGGCCTGCCCACATAG,TRUE
seq00213,GACCGAGGGAAGGGTGGCTTGGCTAGGGGCTCATGTGCTGCGAGACCTCGTAGACTCCCACCCAG,TRUE
seq00214,ATCGGGCAGGCAACCAAGGCAAAGTGGGTCCCTAGGGAGCACCCACCCTGGCCCTATCCCTCCCTCCCTAG,TRUE
seq00215,TAGATCTGGAAAGGAGGGTGAGCTCACCAGAGGAGTCTACCCATCTCCCCCCTCCTCTGTCCTCCCAGG,TRUE
seq00216,GGAGACGCAGGCGAACTGTGGCAGAGGGGCCCATATGAGCACTGTGGCTCCAGTCCTGGTCCGATTCACCCCCCAG,TRUE
seq00217,GGAGACTGAGGGAAAGCGTAGCCAGCCGGGAATGGGAAGGGACGCACAGCTACGTCCCCTCAG,TRUE
seq00218,GAAGGAGGTGGTGGCAGGAGGCTGGGCCCGCTTACAACGCGACTGGCCAACTGCGTGACCCTCCAG,TRUE
seq00219,GTAACGAGGGGTTGGGTGGACCAGTGAGAAAGTCTCCATGCCAAGCACACTGCACCACCCCTCCATTGCCAG,TRUE
seq00220,TCAGAGGGGACACGGGACTCAGCCGGGCTCAGACGGCATGACTGAGGTCGACCAGTGTCGACACGGTGCACCTACCCTCCCAG,TRUE
seq00221,GAGAGTCTGGGAACGTGCAACGTGACGTGACCCTGTGAAGTCTCCTCCTGAGACTGTCTGGACCATCATTCCCCCCCAG,TRUE
seq00222,GGGTGACCTGGAGGGGTATGAGGCAAGAGCCCACAGACTGTCTGCTCACCTCAGACCCCCTCCCTCAGG,TRUE
seq00223,GTGTCATGGAAGATGGGCTAAGGACTGCGCTCTCTCTACTGAGCCCCTCCTCCCAGTGCTCTCCCTCTCCAG,TRUE
seq00224,GTGGCGGAGTATGGTGGGTAGTGGGGGCACAACTTGTGCCCAGAACACCCTCTGCCCTCCAG,TRUE
seq00225,TGGAGGGCGGGTAAGAGGTGGATGAGGTGAGAAGCCTCCCTCTTCCACGCCCTGTTCCCCCAG,TRUE
seq00226,ATGCGTGGGTGACACGGCCAGTGAGAGTCCCATGTCTTGCCACTGGCCCTTGACACTGTCTCCCCTCACCAG,TRUE
seq00227,GTAGAAGGACGCCAGGCGGAAAAGGGTCTCCCTGCCTTCACCGAACCTCACTCCCAGCCACTTCCCCAG,TRUE
seq00228,TGAGGGGTCGCTCAGGTAGGGGACGTCAAAGGCGTCCCATTCACCGGGCCTCTCCTTCTCACACCTCTCTCTCTTCCCCCGTCCCCAG,TRUE
seq00229,CTGGCTGGGACCAGGGCCTTCCGCGAGTCACCCCCTAAGGCTGCCTCTCCTGCCTCACTCTGCCCGCCCCTTCTCCCAG,TRUE
seq00230,TGAAGAGGAGAAGGAAGGGACTCCCGGGGAGATAGGCAGGTCCAGGCTCCGTCACTTAGCCCCCAG,TRUE
seq00231,TGGAGTCCAGGGCGACATGGGAGTACCAGGGCTGGAAGGTATCTGCTGCTCTGACTCCTCTCG,TRUE
seq00232,GTCTGAGTCCAGGGTGCGCGAAAGGGTGTGCCACACCCGCTCTCCCTGCCACTGCCGTCCAGAGTCCCAG,TRUE
seq00233,TGGACCTGGCGGGGGGTTCCCGAGAAGGGGAGCGCACTCACTCCGCTCCTTCCACTCGCTCCCAG,TRUE
seq00234,TAAGCCGAGCCCCTGACCGGCCCCCCCTGACATGGTGTGGCCTCTAGCCCCCACCTTGCCCAG,TRUE
seq00235,GAGCAGTGTGTGAGGGGAATGGGTCGCCTACAAGCTGTGAGCTCTCCCCCCCTCTCTGCTGCCCCCTAG,TRUE
seq00236,GTGGCATGTGTGCAAGGGCCAGTCGCCGCGGAAAAAGGCCGAGCACGTCTCTCCCCCTCCCTCCCCATTAG,TRUE
seq00237,TGTCAGGGCTGATCAGAGTGGAGTGGAGTCCTTCCGTTCCCAGCCCTATGCCTCCATCCCTCTTCATGCACTTCCAG,TRUE
seq00238,TCAGGTGCAGGCAGGGAACGGGGTACCACCGCCCTATGTCGACCAGAGTCCGCACTGCCACCCCCAG,TRUE
seq00239,GGCGGGGTCTAGGGGCTTGCGTAGGGGTTCCCAAACTGGACAGGACTTGTCTCCACCTCTCTCTGCCTCCGACTCCCTCAG,TRUE
seq00240,GTCCGTGTGGCCGGGCTGACTGCCTAACCTCGACCCCTCCCCGTCTCTCTCTCCCAGCTCCTCCAGGATGTCCAG,TRUE
seq00241,GGGTATCAGGAGGTCCAGGGAGCCAAGGGTGTAGCTCTGACCCGCCGTCCCCACTGTGCCAGCCACAG,TRUE
seq00242,TGGCCCTGAGGGATATGAGAGTGAGCTCTGGCCTGAGATGACCACCCTCCTTACCCCCTACCACCTCCCTTATTTTT,TRUE
seq00243,GGGGCTTGGGACACCTGGAGGGACTAGGCGGATAAGAGGACAGTAGGCCTCTGACATCCCTCACAAG,TRUE
seq00244,GGCTGACAGGAGAGCAGGGAAGAGGATGTGTGAATGGGCCGTGACCGCTTCCCTCCACTGCTCCCATCAAG,TRUE
seq00245,TTAAGGGGGACTCGGGAAAGGGACAACTGCCGTGAGAGTCTGTCTGACTGCCACCGTCTGTCACCCTGCCAAG,TRUE
seq00246,ATCAGGGCCGGCGGTGGGGAAAAGGGCCAAGGCTGTCCTGCCCTCCTCTGACTGCCCTACCCCCTTCTCCAGG,TRUE
seq00247,GGAGGGAGGAGTCCTACGGGCCACTGCACTGTGGCTCCCTCCAATGTGTCCATCTCTCCTCTCCCCATGTCTCAGG,TRUE
seq00248,GTGGCTTGGCAGAGGCCCCTGTGCGGGCAACTCCCCCTGCTCCTCCCCTCCCGCCCCTCCCTAG,TRUE
seq00249,TGTCAAAGGGACTGTTAGCAGGATTAAAGGAGATCTGACGCCTAACCGTCCTCCCCCCTGCTCAACGCTGCATCTCAG,TRUE
seq00250,GTGTGAGGCTGGTCGGATCGCAGTGTCGGCTCAGTGTCCCATGATCCCTCATCACGTTCCAG,TRUE
seq00251,TGGGAGCGTGGCAGAGGAGGAAGTAGACTTGGGTGGCCTCAGTGCTGCTGTCCACCAG,TRUE
seq00252,TGAGGTGGGTCCGGGCTGCAGGGACGTCCTGGACGGTGTCCCATCACTCTCGGTTCCAATCCTCCCCCCAG,TRUE
seq00253,ATGAGTAGGAGCATGAACCGTGACGGTATGAGGGGGTAACCTTACGGCCTACCTCCGTTAGTCAGCTCTCTATCTTTTTTCCAG,TRUE
seq00254,GTAGAGAGACGGCGAGAGTGGACAGGCCTCCATCCCTCACCCCGAATCTCCGCGCTCACCTTCCCAG,TRUE
seq00255,GGGTGCAGCTGAGGGAGAGAGGCCGCCTCTGCGTGTCCTCCCTGGCTACCTCCTGACTAATCGCCTCTTTCTGTGCAG,TRUE
seq00256,GCAAGACGGGGTAGACGGGGGATCTGTGTGGGGTCCCCTCCTCACGGAGCACAGATCCCCCCTCCCAG,TRUE
seq00257,AATGCAAAGGCTGAGGGCCCTCAGAGGGTTCCTGCCCACTGTGATTCAGCCCCCCTTCCCCTAG,TRUE
seq00258,GGAGATCAGGGCGAGCACGGTCAACGGTGCACTGGCCCCATTCCCCACTGCGAAGTCAACCCTCTTCTGTCCCTCTCAG,TRUE
seq00259,GGCAATGAGGGGCATGGCTGGAGTTCACTTAGGCTCTAGTCTCCCCTCTCTCTCTGTGACTCAG,TRUE
seq00260,CCTGGAGAGCCTGGCTAGGCGATCTGTGTCCTCTCCCTCGGTCCCATGTTCCCCTCTCCTCTCAG,TRUE
seq00261,GGTCCTGGAGCGATGCGTGGGGCTGACCTGGCAGACCCCTCCCCTCGACACTGCCACCTCCACCCCTAG,TRUE
seq00262,TGACTCGGGGAGGCTAGGGACCATGAAGCCCTGGGCATCCTCGATCGCCAGTCCTCTGCCTCCCTGTGCCTCTGCCTACTGCCACCTTGCCAG,TRUE
seq00263,TGTGCGAGCTGACAGATCTAGAACTGGCCCCCTTCACTCTGTGTGGCTCGTGACTATCCCCAG,TRUE
seq00264,GTGACGCAGGGAAAGAGGCACCAGCTGGCTGTAGACCTGCCCCCCTCCCCATCCTGTGTACCCCAG,TRUE
seq00265,TAGGCGAGTCTCAGACGTTGCGGGAAGGGAGCCTCACATCGTGCTCTCAGCGCTCATACCCCCCAG,TRUE
seq00266,TAGGTCGGGGTACTGGAAGGGGGTCCCTGTGCAGATTACTCCTCCCTGGCTCTCGTCCCTCCTCCTCAG,TRUE
seq00267,GAGCGGGGTCAGGGCTGTCGGCCTGACTGGCCTGAGGGAAGGCCTGTGAGTTGACCCCCTAG,TRUE
seq00268,GTGGAAAGGGGCGGTGACGAGTGGCAGGGGACTTAGCGAGACAGACTAGCCCGCGTTTGCTCCTCAGCCTCCTCACTGCCTCTCTCAGG,TRUE
seq00269,CTCAGAGGGCCTGGGAGGGCTGCGTGCTGTACGATGCCTGAGTACGCCTCCTTACCCCCGCCCAG,TRUE
seq00270,AGGGATGAGGAGGTGCCCTTCAGGGTGCCACACCATGGGTTTCCCTCCCCTCCTCCACTCCTTCCTCCAG,TRUE
seq00271,GGGAACGGGTCAGCGGGTGTGACTGTGTGTCCCGCATAGCACCCCTTCCGTCTGCCTCCTCCTCTATTTTCCCTCACTCCCCATCACACCCAG,TRUE
seq00272,GGGAGCCTCTGTGAGACTTGGCTGGAGTCCAGCCACAGACTCTGGGAGCTTCCTCCCTCCAGGAGTCTACCACCCCCCCCTAAG,TRUE
seq00273,TCTGGGGCCTGGGAGCCTAGAGGTCCCTCTGGCGCTTCATCCTCCTCCCCTGATCTCGACTTCTGACCACCCAG,TRUE
seq00274,GCAGGCAAGGAGACATGGCCGACGTAAGCCGGTCTAGAGCCAGCCAGACACTGCCTGCCAATGAGTCCTCCTGTCCCCCAG,TRUE
seq00275,ATGGGCTGTGAGCAGGAAGCTGGCCGACTAGATCCCGGGAGATTGTGCCCTGACTCGTCCCCAG,TRUE
seq00276,TGAGAAGGAGCTTCGGCCATGGGCAGTACAGGGCTGTCTGCGTGTGCTGTAAGAAGGGCAGAGAGTTCCCTAG,TRUE
seq00277,GTGGGGATAGCCAGGTAGACGTGAGTGCGCTAACTGGCCCTTGCCTCCTCCCTTCCTCCCAG,TRUE
seq00278,TAGTGGATGAGTGTGACAGGCCTGTAGAGGGAAGGCGACTCTCACGCCACCCCAACCTACCCCAG,TRUE
seq00279,TCTACAGGGAGACTAGAGGCCTCCAAGGCACCTGACTCCACACCGGATCCTGCCTGTCGACAGGGAACGCCCAG,TRUE
seq00280,ATCCGTGGGGAAGGAAGCGTCATGTGGGCGGTACGCCCTAATGCCCCGTACAGAACCCCTCATGCAG,TRUE
seq00281,ATGAGAGGGTCGGCATGATGGAGTGGGAAGATCAAAGGACCCCCTCAGTGCCACTCATCACCCCCTCTCACTCCCCCCCCCAG,TRUE
seq00282,GTGTGGCCAGAGAGTGAGACAGAGGAGTGGAGCGCTCGAAGTCCACATGGCCCCTCCACCCTCCTCAG,TRUE
seq00283,ATGAGTGGGCGGCAAGCTGAGCTCCCCTGGAAGGGTGACTCACCCGCTGCCCTGTCTGACCTCCCCCTCCAG,TRUE
seq00284,CTCCCTAAGGGGAGGGACGTATGGAGGCATGGACGCTTTGTCTGGCCTGTCCTCCCCCCCCCTCCCTCG,TRUE
seq00285,GACCGTGGGGGGCTAAAGGGGATCACGGGGACTCAGCGCCCTGATGGGCCAACCCTAGCACCCTCAGTGACTCTATTCCCCCCAG,TRUE
seq00286,GGCCGGTGTGAGCCTCTGAGCAACGCTTCCCACCTGCAGTGCCCCTCTGCCCCCCCTTCCATGTCTCCAG,TRUE
seq00287,GTCAGCGGAGTGTGAAGGACTGGGCAAAGTCGGAGTCCTCCCAGTCGCTCATGACCTCCTCTCCGTCCAG,TRUE
seq00288,GTGGGCGATGAGCCGTGGCCAGCACTAACATTGAGAGGACAGCCTGGCTAGACCACTCCACCACCCTTTCCTCCAG,TRUE
seq00289,GGGTGCTTGACGCAAGCAGGCAGAAAGGTTAGGACACTGCCCTGCACTGCTGTGAGCTCCGAGCCTCCCTCTCAG,TRUE
seq00290,AACAGAAGGTCAGAAGGAAGAAGGCTGGGTCGGCTAGCTCTGCTCTGTCCTCCCCCCCAG,TRUE
seq00291,GTGGGGTGGCCATGGGTACACCGGCCCTGTGCCGAGCAAACCTGCCCTGGTCCACTGTCCAG,TRUE
seq00292,TGGTGAGGGGTGTGTGAGCAGCTGGAGAGTACGGCGATCCGTCCCCCCGCAACCATGGCCTACCCAG,TRUE
seq00293,AGATGCAGAGGGACAGGGTGTCTGTGACCGCTGAGAATCCCACCAGATTAGTCCTGTTCCCAG,TRUE
seq00294,GTGCTGGGGCTTGTGGACGTACGGGATCGCCTCCCACTAGCCATCTCCCCTCCCTGCTGAAGAGCCTTAGCCAAACCCCCAG,TRUE
seq00295,GTGGCTGAGCATGCAGGGTCCAGTGTTGGCACAGTCAGTGCCGCTATCCAAGCAGTCCCCCCACCTCTAG,TRUE
seq00296,GTGACAAGGGAGAGGCTGACAGAGACTGGTCCCACACACCACCTCCCCCTCTCCTCCCCATGACCGCTCCAG,TRUE
seq00297,GGGGCTTGGGTGAGTGGCTGCCTGTGACTGGGCCTGAGGAGTCCCTGTGTGTGCCATCCCCTCG,TRUE
seq00298,GTGTGAGCTGTGGTGGGGAGCTCGATGTGACTCCACCCCACGGACGTGAGCTCCCGTCGTCTGCCTGCCAG,TRUE
seq00299,GGGAGCTGGGTGAGTGTGGCTCCTGCCCCACAGGGCATTACTCCCCCTGTCTGCCCCAG,TRUE
seq00300,CTCTGTGTGAGAGTAGAGACGCTGTGGACAGCTGTAAGCTTGCTGGCGACCTTCACTAGCGTGCCCAACAG,TRUE
seq00301,CTTGACGGGAGACGGAGTGCAGGCTTCTGCGGACAGAAACCAACATTGGCACCCTCCCAG,TRUE
seq00302,GGCCTTGGGGTGAAGGAGGCCTGCTGGATAGTTAGCCTGGGAAGCCTCACAGCGCCAAACGTCAG,TRUE
seq00303,TGACGGTGAGTGGGCAGGAATAGGGCGCCACGGAGGTGCGCTGCCTATGACTCACCCCAAG,TRUE
seq00304,GACCTGGAGCCTGTCTGGGCCTGAGAGTGCCAAACATGGCCTCTGCTGGCCCTGCCCCGCTTTCCCCAG,TRUE
seq00305,TGCACTGTGAAGGCCAGAAGAGGTCGGCCTAGGTCCTCCACACCCCCAACCCTAGCACCCCACCCTACTCACCTCCAG,TRUE
seq00306,AACTGTGTGAGGCCAGGACTGGGACGGCTTAGGAAGCCCGTCAGTCCTACCGATGGCCTCGAGCGTCCATGACCCCCTCAG,TRUE
seq00307,GGATCTAGAGGGTAAGGCATGGACCGCCGTAGGATCCAAGGACCTGATTGCATAGGTGGCTCCCCAG,TRUE
seq00308,TGGAGTGAGCGGGCTAGAGAGATGGCGAGAGCACTTGTCGTCCCGTCCACTGAGCCCATCGCCCCAG,TRUE
seq00309,GTGGACGGGGTATGCCTGGAGAGTCACGAGGGATCCCCTGCTAGCCCCTCACATGTGTGCATCGGCGCGCCCCAG,TRUE
seq00310,GACGGGGTGCTGAGGAAATGAGAAGGGTCCCACCACCAACTCCCTAGCTACCGTCCTCACCACCCCTCTCCCCAG,TRUE
seq00311,GGGACTGGGGTCTGAGTGACTGCTAGTGTGGGCTCCCTGCCCTGCGCTATCCCCACTCCCTCCCTCAG,TRUE
seq00312,TGAGGTGGGAGAGAGGAGGGAACAGCGTCCAAGGCGTGCTAGCTGGGCCACCCTGTCTCCCCAG,TRUE
seq00313,TGTGAAAGGAGAGTGCGCTGTGTGGACTGGAAAGACTGCTGGCCTGCCTACCTCTCGCCTGTCACCATCCCCCG,TRUE
seq00314,GGCAGAGGTGACAGACTGGCTGTGGCAGTGCCCACATGGCATGAAGCAACGCAAGCTCGGACCAAGTGCCCTCCCAG,TRUE
seq00315,GTGGATGCCTGGGAGATGCGGGTGAAGACTAGAGCTCACCCTGGGTGCCTTTGTCTTGCCACCTCCCAG,TRUE
seq00316,GGGTGCTGGCCAAGAGGATGGACCAGATACACCGGAACCTACTCAATCTGACTGCCCTGACCAG,TRUE
seq00317,TGGGATCGGGGAACGCAGCGAAGGCCTGGCCACAGGCTAGCACGCTCCCATCCCCTCCCCAG,TRUE
seq00318,TGGAAGAGAGCCTCATGGGGCACTTGGAGTGCACCTCAACGTCACTGGCCAACCCAAGACGCTCCCCAG,TRUE
seq00319,CCTCCCAGGGAGTGAGGAGGAACAGGAGCTCTGGGCTTCTGCACTCATGTGACCTGCCTCTCCTCACCCTCTCCCAG,TRUE
seq00320,GTGAGAAGGGTGGGAGTGCCCTGGCGGTGCTTTGCGGAGCCTCCCGTCCCAGCACCAAGGACCCTAG,TRUE
seq00321,GGAGACTGCGGGGAAGAGGAGCTCGCCCTCCTCTGCTAGTGATGCCCGCTCTCGCTCCCCAG,TRUE
seq00322,ATGGAGGGGTGTGAGGGAAGAGCGTGGTCAGGGCACTCATGCCGGTGCCTTGCCTGTCCTCTGTGTCTGCAG,TRUE
seq00323,GAGCCTAGGAGAGGGACGGTGTCAACGGGCTCCAGGTCCTACCCCACCCCTCACCTTCCCCTTCCTAG,TRUE
seq00324,GTGAGTGGCAGAGAGGCCCATGACCCCTCGGAGTGAGGCTGCTCAGTCTACTCATGTCGTGTGGCCCCGCATCCCTCACTCCTCTCCCCAG,TRUE
seq00325,ATGTGAGGGAGTGAAAGAGGGGACAGCTGGCCGGGTACCCTGTTGTACGGCAACTCCCATAGCGTCCCGCACCTTTCCCAG,TRUE
seq00326,GGGTCAAAGGGGAAAACGGTGATAAGGACAGACCAGACATCTCTGTGCACTCCCCAG,TRUE
seq00327,ATGGGAAGGACTGTGTGCCGGTGTCCCACTCAGAGTCAAGACTACCTAGCCCTATCCCTGCGTCCACCCTTGCCG,TRUE
seq00328,TGAGGGAAGTGAGAGAGATGCAGAGGAGCCTAAAAAGGGCTGTCCCCAAGACTCCCACACTCGTAACGTGTGAAACTCCG,TRUE
seq00329,TTCTGTGGAGCTGGGCAGGGTGTGAGGTAGGAGTGTGCTCTGTAAGGAAGCTTGAGGCTCAGACCCAGCACGCCACAG,TRUE
seq00330,GTACGTGGAGTGAGAGCAATACACGCCAGTGGGCCTCCCGTCAGTCCTCCACTGTGCACCCTGCCCCCACTCAGG,TRUE
seq00331,GGGAAGTCAGGAAACCTGGACTCGGCTACCCTCCGCCTCCCCTCGTGACTCACCCTGAACCAG,TRUE
seq00332,AGCAGTGGGAGTGTCTGCCGGCGGGTAAGGATAGCATGCCTCCATGTCCCTAGCTCTGAACGTGCTTTATTTTTCCCATCTCCCCGTAG,TRUE
seq00333,GGCACACGGACTGGATTGTGTGACAGGCCGTCCCTGAGCCAATGGTGCCCTCCACTCGCACCCCAGCTCAG,TRUE
seq00334,TAGGGTGGGGTAGGTTGGGGCTCTCCCACCGGTCAGTCAGCTCCCTCTGAGCTGCCCCCCCAG,TRUE
seq00335,GACTCCTGGGGTAGACTGGGCAGATGGCGCTCAAGGTAACTTCCGTCTGGCCACCTTCCCAG,TRUE
seq00336,GTGTTGCGTGGCAGGCAGAAAACAGGGGTCTAAGACCCCACGCCGGCTATCATCCTAACCCATGTCTCAG,TRUE
seq00337,GAGTGTAAGCAGGGAGAGGCCCCCTGGCAAACTGGGCGCCTCTCCTCTGAGACCCCCTCGAGTGCGACATCAAAAGCCTCTCCAAG,TRUE
seq00338,GTGGAAAGGAGACACCAGCTGACAAAGGTGAATGCTCTGTCTCTGACGTTCCTGTCACGTCTCAG,TRUE
seq00339,GTGAGCACAGGCTTAGGTGGGGGATCCTGCCTGGGTGCTATGTGCGTGTAGCTCGCCTGACCACATCCAG,TRUE
seq00340,GTGGACCCAAGGGGACCCTGAGGGGGTACCTGGACAGGTGCCCCCAACCAGGCTCCACAAGGGCCTGTCACCCTCCCAG,TRUE
seq00341,GACTGTGGGGGCTGGTGAGCACGCCCTATGAGCTGTGTCTCCAGAGCCCTTTTCTCACTCCCAG,TRUE
seq00342,GTGTCTCAGGGGACACTGACGGCCTTGGCATGTCCAGAGCCCTTGCGAAGGGTCCCTCCGGCCACCCCAAG,TRUE
seq00343,CTCTGTGGGGGAAGGGGTGCAAAGCGGGGTGCTATGCAGCAAGGAGCCCTCCCATCCCCCCCATCCTCTCCAG,TRUE
seq00344,GTGAGCAGGAGACAGGACTTGACCAGGGTCCTTATGTGCCCATAGAAGACCGTCTCTCCTTCCGTCAACCAG,TRUE
seq00345,TGACGGTGGGGGGAGTGCCGGGAGGGTCAGGGAACTCTGTGTGAGTGACTCCCCTTCCAG,TRUE
seq00346,GGGTGTACAGGGGGCACCAGGACTGGCAGCTGACCGACTCTCTCGTAGTCTGCTCAACCTCCAGTCCCCTTCGACTAG,TRUE
seq00347,ATCAGTGTGGGGGATCGGGGGATGTGCCAGGCCTGGCCTCTACTCTGCCTGCTCCCCCAAGCCTAG,TRUE
seq00348,GAGAGTCTGGCGGTCTGGGGCGTGCAGACGCTGCAAGGGATACAATGTGTGTCGTCCCCCTCCCCAG,TRUE
seq00349,GTGGGTGTGGAAGAGGGGTAGACGGAGTGCCTTCCTGGCCAGTGACCCTGGACCCCCTCCCACCAG,TRUE
seq00350,ATGAGAGTGGGTAGCGAGAAGATGGGGGCTCCACCCCAGGTCACCTCGTGCCTGCCTTCCACCCAG,TRUE
seq00351,GAGTGCCAGGTGGGCGAAGTCGCTGGAGTCGGCTAGCTGTCTTCGCGCCTCTCCCACTCTCTCCCCTCTGCTCCCCAG,TRUE
seq00352,CACTGAGGCGGTGGGGGCTCAGAAGCATGCTGGAGCTGTGTGTGCGTGAGACAAGGCTCCTCCACCCCCAG,TRUE
seq00353,TCATTCAGGGCATGGCTGGCTCTGCGTCATCGCTGACTTGTCTTCTGTACACTCCCCACGTGTACGCCCATGGCTCACCTCACTTGTGACTCTCTCTCCAG,TRUE
seq00354,GCCTGAAAGGCCGGGGAGCCTGTGGGGGACAGTCACCCCTCAGCGTCATATCCTAGCTACCCTGACTCAG,TRUE
seq00355,GTGAGACGGGAGGGAAGGGCGACTGAGAGGATTAGCGGGTACCAGCGGTTGCCATCACCCCCTCTCAG,TRUE
seq00356,CTCACTCTGGGTGTGTCGGTGAGCTCCCATAGCTGGCAGCTCTGACGACTCTCCTCCCTCACTGCAG,TRUE
seq00357,GAGGCTAGTGCATGGAGAATGGCCTGCCTTGCATAGCAAGGTCTGCCCCCCACCTCCCCAG,TRUE
seq00358,GTGCGTTGACGAGCCAGTGGGGTGCATAGGAGAAGAGCTGAGCCTGCCCGATGTCTCCCAG,TRUE
seq00359,ATGGGGTGCCAAGGGAATGCATCCTCCTGGCTGCCACCACTGAGGACCTGTCCTCAGTTAGAACCCTCCCCTCCCCTCTCCAG,TRUE
seq00360,TGCCGAGAGCTGCGTGAGGGGGAACTGGAGCGGCTTCCCTCTGCTGCCCCCTCAGTTCCCCTCCCCCCCCCCCCCAG,TRUE
seq00361,CCCTCTGAGGGAAGCTAGGGCGTCTGAGGGCCCTGACTTGTGAGGACCTCACCAGCTCGTCCTCCAG,TRUE
seq00362,ATGGGACTAGAAGGCGGTAGGCTCTAGAATGGACGCAAGTCACCCTAAGCCTCCCCTCTCTCCAG,TRUE
seq00363,CTAGGTGGGGGAGGTCGGGGGCTCACCTAGCCCCCTACTTGACTAGGGCCCTCCCTGTCCCAG,TRUE
seq00364,TAAGGAGGGGAGGGAAGGGGCTTGGGTAAGCTCGCCACGGCCCCTACCCATTCGTCCACATCCGG,TRUE
seq00365,GTGACGAGTGGCTAGGAGCCCGGAGTTGGATTGAGTTCTGTCGACGAACCGATTCCCAAGATCTCCCCAG,TRUE
seq00366,GGGGGCCTGAAGGGAGTGAAGGTAGAGTGTCTGCCTTCCACCCCGACTGACCCCGTGCCACACCCATGCAAG,TRUE
seq00367,ATGGGCAGAGAGAGTGAACCGAGTAGGACCCAGTGAAGCGTCATCCTGGGGTCCCTCACCAG,TRUE
seq00368,AGGAGAAGCCGGGTGAGGGAGTGACCGTTCCATGGATCCCCTTACCTTGAGCTGCCCTTCCAG,TRUE
seq00369,GAGGCGGTGCGTGGTGCCTGCGTGGGCTGGAGGACCTGAGCAGGTCAAGACCCGATCCCCCCCCAG,TRUE
seq00370,ATGGGACCTGAGAGGGGTGCAGGTCAATCTCTGTGCGTTCTCACTTCCTGCCCCTGCAG,TRUE
seq00371,TGAACGGGTAGAGGCATGAGGCAAAGGTCCGTCAAATGCAGTGTGACACTCGCTCCCTCAGTGTCGACACAAG,TRUE
seq00372,TGTGAGCTGGGAAGGCCAGAGCCGTCTATGCAGGGTCTCTGCCAAGAGTACTGCTCCCCCCTCAGG,TRUE
seq00373,GTGCTGGGGACTTGGGTGACGGGTGAGCCTTCCCTGTGCAGTCCCGTACCTCTCCCATGGCTCCAG,TRUE
seq00374,GTGGGGAGTAGGTGGGCTACCGTAGCTAGGAGACAGGACTGTGGAGTAACCTGCACTCCTCCTCGCTCAACTGCCCCAG,TRUE
seq00375,CTGTGTGGGGGGGAAGAGCTGTGGAGGAGTAACGGTGTGGACTGGCCTGACCCCTGCCATCCAG,TRUE
seq00376,TTAAGGAGGAGAGTCCTGTGTGAGACAAGACATGGCTTCCAGACGAGCCCTCACAATGCCACCTCGTCTCCAG,TRUE
seq00377,CTCCGTGAGAGTGGGGGAGGACTAGGCTGAGCATGGAGAGAACCCGTGTGAGTCGCATGGCATGCCACCAACTCATCCAG,TRUE
seq00378,GGAGTGGCTCAAGGAGCTGGGTAGGTGCGAGCTTAACAGCACAGTCTGCGTGCCGCTCTCCCAG,TRUE
seq00379,CAACATGGCCAGTGGGCTCACCGGCGCTCAAGGCAATCTCGCGTTGCAACTCCCCGTCTGTCACCCCGCATCAAG,TRUE
seq00380,TGTGTAGGAGGGCAAGAGGGCATAGCTCAAGCGGCCTGCTCAGTCAAAGCCTCTGTCACTTCCCCTCTCG,TRUE
seq00381,GTGCGTCTGGGGGAGGAGCTGGGCTGCCTGAGCACGGCCTCCCAGACAAGAGCCACTCAGACCGATGTCGAGTCGCCTCAG,TRUE
seq00382,TGGACTGTGTGGGCGCTTGCCCGTGTTTGACGCGGGTTCCTTCCCCTTACAGTACGTCAGCGTGGATCACGATGCCCTCCCAG,TRUE
seq00383,TGACCATGGCGGAGGAGCATGAGATGGGTCCCCTTCACCCTTCAGATCCTCCCCAGTCCCCACCCTCTAG,TRUE
seq00384,GGGGGCTGATTGGGGAGTCGCAATGCCCTGACGCTGAGATGATGCCTGCCTGCTCCCTCTCTGTCCCTCCCTAGTGACCCTCCAG,TRUE
seq00385,GAAGCCCGGGGACTCAGTGCTAGGACTCGCGCCTGACAAGACTGTGTCCTCGCCTGCACTCTCCCTTCACTCTCTCCCTCTCCTCCCCCAG,TRUE
seq00386,TGGGCTGGGGTGGGGACTGCTCGGAGACGAACCTCTACCGCCTGCTTGCCTCCCCCCCCCCCCAG,TRUE
seq00387,GCCCGCTGGGAGAGCAGTCTGACAAGGCTCCAACACCCAGCGTGCTTGTCTCCTCAG,TRUE
seq00388,GTGGCTAGGCGTGTGAGTAGGAAGTGGATGAGAGAGTGTCCCCTCATACACGACTTGCCCAG,TRUE
seq00389,GGGTCTCGGAGCAAAGCCGGAGTCTGAGAGGATGACTCCTCTGTGGAGCTCACACGTTGACAAGCCCAGTCACCCTCCAG,TRUE
seq00390,GGGCATGTGAGCCCGGTGGATGGTGCCCACCCTCGGCACACCGACTGCAAAACCGCCTCCCTTCGCCTCCTCTCAGCCAG,TRUE
seq00391,TATGTGGGAGCAGACAGGGGTAAAGATGGCTACGTGAAAGGGGTGCGTCACTCTCCGCTCCCAG,TRUE
seq00392,ATGGTGGGACGAAGGGTCGTCCGCGAACTCCCAGCCCTCCGTTCCCTGCCTCCTGATGGCCGAGACCAGCTCCCCCTAG,TRUE
seq00393,GGAGACTGACAGCGAGAGGCTCTCCCTGTGGAAGCGTACTGTGACCCCCACTCCCTCCCAG,TRUE
seq00394,AAAGGGTAGGGGTCTGGGCGACCAGACAGGGTGTGTGCTCTACGTGCCAAGCATCCTTCCCAGGCTGCTTCCCCCCAG,TRUE
seq00395,CTGAGTCTGCAAGGAAGGAGCGAAGAGGTCTCGACACGTCACCTCTCCCCCCATGTCCTGTCTCCTGCCACCCAG,TRUE
seq00396,GGGGAATAGGTGGAGGCAAGTGTCCGGTCGCTCCATGTCTCTAGGGACCAAACAGCCCCTCCTCAG,TRUE
seq00397,GGCCCTCGGTGGGCAGAGTGCAGGGCTGGGTCCCTCCCCAGGGGCTCATTTGCTGGCTCTGCCCCAG,TRUE
seq00398,GTGGTACAGAGAAGGGTCATGGGTGAGCTGTCACTTTCACGCGCCCCTCCCTCCCTGACCAATCCCCCTGCCACAG,TRUE
seq00399,GGGCCTGGGGTGGGCTGCCCGTCTGAACGACCTGTACTCCCTGTCTCCTGCTGACACGCAAG,TRUE
seq00400,GAGGGCTGAGGGCTGTGGCAGTGATGGGTCTTTAGTGTGACAACCCGGTACCCCCTCCCCCAG,TRUE
seq00401,GAAAGGGCAAAGGGTGGTTGGGAAAGGTGGAGCTCTGGAGTGAGCTTCGGCCCCCTGAGTACGCCTCCAG,TRUE
seq00402,CTCCCTAGCGGGTGGGTGAGGGTCTGTGCAGGGATCTTCCCTAGCCCCCTACCCGTCGACCACTACGACCCAG,TRUE
seq00403,AGGGGAACAGGGTTCACGGGGGCTCATCTGAAGGGCCGCTCAACTGGGTACACCGTCAATCCTCCAGCCTAATCCCACCCCGACCAG,TRUE
seq00404,TGGGGTGACCAAGGAAGCCACAAAGCTGCGGTGAGATGAACACACCTGTCAGTCTCCTCCCATCACTTTTTTCTCGCCAG,TRUE
seq00405,GAGGTAGCGGGAATGTCCTGAGGCCTGCGCACAGGGAACAGCCCGGGACCCTCACATGACTTCACCCTCCTCCAG,TRUE
seq00406,ATGGGTAAGGTGTCTGGGCCAACGAGGAGCCTCCCATCCAGAGACTAAGACTCCCTGCCCAG,TRUE
seq00407,GTGGGGAAGTGACAGAGGTTGGGACCCCTATGCCTGCCATCAAGCCCCTCTGTGCCTAGCAACGCTGTCTGACAG,TRUE
seq00408,GAGGGCGGGTTACGGAGACAGGGTGTCTGCCCAGTGCCATGCGCCCACCCTCCTGCACTCCTATGACCTCTTCCCCCTCTCGCCAG,TRUE
seq00409,GGGCCAAGAGAAGAAGCTGCCCACGCTCAGGGAGAGAAGTCTGGCACTGCATCCCCCCCAG,TRUE
seq00410,GGGCGAGAGGTGTCGAGTAGAAATGCGTGGTGAGCTGACCAAACTGATGGTACCCCTCTCTCAGACCTACTCCCTCATTTTTTTCCAG,TRUE
seq00411,GAACGGAGGAGTAAGGAGACGGAACTCGAGTGGGGCAATTACGTCCCTCAGCACACTCCCCACAGGTGATCCCAG,TRUE
seq00412,GTGAAAAGCGACGGGGTTGCTCAAGGGAGCTTGTCACGGCTCAGTGAGTCCCAAGCATCGCATCTCAAGCCTAAAG,TRUE
seq00413,GGGCTTAGGGGGTGTGCTCAGGCCCTATCCGGGGCTCTACAACCTGACGGTATCGACGTACCTCGCCTCTCACTCCAG,TRUE
seq00414,GACGTTCAGGGCCAGGACGAGTGCTAGGAAGCTCCCTCCCTTACCTCAGAGCTCCATCCCACAG,TRUE
seq00415,AGGTGGAGAAGTGAGCACTGGGCACATTGAAGGGAGACTAGCCCCGTCTGCCTTGGCACACCAGGACACCCACCTCACACTCCATTCAAGG,TRUE
seq00416,GTCGAGGAGGGCCAGGATGGGCATGGCTCGGGTCGAGTTTTGTGCAACCCTGTCCTCACTTCCCGCATACCCAG,TRUE
seq00417,AACACAAGGGTGCACTGAGACGCAAGCTGTGCCTCTGTGGGTCACTGTCTTCCGTCAACTGCACCACAG,TRUE
seq00418,GTGACTGTGAGGCAGCTCTGGGGACTGAGATGGCGTCATCAGCGCTCACCTGACTCTCGACACTCCTTCGTCCCCAG,TRUE
seq00419,GACACGTGTGGAGGGCACGTGATGCCTGGGGCTGGGGAGTGACTCGCAATGTGTCCCTCAG,TRUE
seq00420,ATGGGAGCAGAGAGGAAAGGCGCCATCTGCAGGACCGCTGACCAACGCGCCTGACTGATCCCTTGACCTATTTTTGACCCCAG,TRUE
seq00421,GTCCGTGGACGGTGGAGAAGGTGAGCGAACCTCCTCTGCCTCGCCCCCCTCAGTGGCCTCATCTCTCCCATCAG,TRUE
seq00422,TCAAGGAGGGGTTAGCAGAGGGACTGGTCCCTGTGTGAACGACACCGACACCTCCCAAGTCTGCCCTCCCTACCTCCCAG,TRUE
seq00423,AAGTGCTGTGCCGTGAGACCGTGTATGAGACCCGTGACACACCCCTCTCCCTCTCAGTCAAG,TRUE
seq00424,GTGAGGTGGAGTGAGAGTCCAGGAGCCTTCACTGACGGACCCTACGTGTGTGACAGCCTGCCTGCTCCCTCTGACTTTCCCG,TRUE
seq00425,GTGGAAGATGGGTCAGGGTGAGGAGACCCCTTAGAGTGAGGCTCTAAGAGCCCTCGTGCCTCGCTCACCTACTCAG,TRUE
seq00426,GGCAGAGGGAGTCTGGGCTGTGCCGGTACAGGGGACTCTCCACCCCCTCCCATCCGAGCTCTCCGTCCCCCCTCCCAG,TRUE
seq00427,GTGAGGCCAGAGGAGAGAGGCAACAGGAGGCATGCCCTGCCTCAGCCCTCCTCCCCCTACAG,TRUE
seq00428,GAGCAGTGGGGGTACGTGGGTCTGCATGCCCCTCTGGCGCAACCCGCTCTCTCCTCTCCCCTCAG,TRUE
seq00429,TGGAGCACTGAGTGAGATGGCGGAAGCCATGGCATGCTGTCTGGCTGATACCGTCCTATCCTCAG,TRUE
seq00430,GTGAGAAGAGGGGCTGGGATAAGGCAAGGCCTGTGCGTGGACCACCTCTAGTGTAGACGAGACCAAGCCTACCCCCCCG,TRUE
seq00431,TGCCCTAGGGGTCAACTGAGCGAGTGTGACGTGACTTAACCCTAGCCCTTCTTCGCCCCAAG,TRUE
seq00432,GAGTGGCAAGAGGCAAATGTGGGAGTCCCCAGCAATGCAGCACCCACCACTCTCCCTCCAACACCTCTTACTCCCCCCCCTCTCTCCAG,TRUE
seq00433,CTCGCTGGGGTAGCTGGGGAGGTACCATGGGAGGGATGAAGGCAAGTCTGGTCCCTGCGTCCAG,TRUE
seq00434,GTGGGCGCGTGTGAGGGATAGGCATGGACCACACTGCCATGCCTGCTCTCCTCTCCACTTCTCCAG,TRUE
seq00435,GTGAACAAGGGGAATGGGAGAGGAGTCCGCGGAGTCACTCGAGGTTGTCACGTAGCTTTGTACACTGCCTCCTTCCTGCCTTTGCCTCCTCCAG,TRUE
seq00436,GGTCTAAGAGTGGGGGTGAGTGTCCAGGCCTGCAAGGCCAAGCCCCCTTCGTGCCCTCCCAG,TRUE
seq00437,AACCCAGGATAGGGAGACCTGAGCATGCGCACCCTGTCGTATGGCCCTCTCCAAGTATCCCCCCCCAG,TRUE
seq00438,GCGTGCTGTGAGTGGCAGTGTGATACGGGGTCCTTTGACGTCCGGTCCTTCACCCCTCACTGCCTGCTCTACCCAG,TRUE
seq00439,TGGAGACAGGAGTGTAGGCGTCCTAGCAAGGAGCGTCTTCGCGATGAGAAGACCCCCACCTTTGCAG,TRUE
seq00440,GTGACTCTGCGAGGCGGCTTGCTCAGGAAAAGGCTGTGGCAGAAGTGAGTCCCTCCGCCCTCCATCCCAG,TRUE
seq00441,GGGGCTAGAGGCGTCGCTGCGTAGTGACAAGATGCCCTGTGTAGCCCCCTTGGATACCCTCCCAG,TRUE
seq00442,GTGGACCAGGGACAAGGGGTGTGGCATGACCTTGAGTGCGCACACCTGGCCCCCTCCCTCCAG,TRUE
seq00443,GACACACAAGGAAGGTGGAGGGACTCTAGCCGGTCCTCCGTGCCTTGAATGCCCGTCAGACCCCCACCTCCCCAG,TRUE
seq00444,GTGCCCTGGCGGAGGAGGACACTGGGGGACATGAGCTCTGCCCACTCACCAGCCTCTTATGGAGAGCACCATCACAG,TRUE
seq00445,GCATGTGTGGGGTGGAAGTGTGTGTGTCCCTGGACGGCTCTCCTAGCTTCCTCCCCCATTCACCCTAG,TRUE
seq00446,TGGTGAGGGCAGGACAGGGACTGACCAGGAGGCTCGCTCACTCTGTGTCTCCCCACCTTGATCCCCAGCAAG,TRUE
seq00447,TAGGCCTGGCCAGGGCAGTGTGGGGCCTCGACCGGCTCTCCTGTGCCCCATCCCATCGCTCTCTGCTCCAG,TRUE
seq00448,GGGGATTAGGGACTCCAAGGACACCCCAGGAGCCCAGCTATCCTGACTGGTCAGCTGCTCCCTACTCTCTGG,TRUE
seq00449,AAAGGGCGATGCCTGGCTGACGAGAAGTGAGGAGGTGAGTGCTGAGCCCCATCCCTCTCAG,TRUE
seq00450,GTAGAAGGGGGTAGGCAAGGGTTCCGGGAAGATTGCCTAGCTGCTGACACCCTGACTTCCCTAG,TRUE
seq00451,GTGCGTGGGAGAACGCTGACCCCCCTAGGGCACCGCCTTCTACCAAGAATGTCCCCTCATCCCCCCCCAG,TRUE
seq00452,GGGGATAGGGTCTGGGGGAAGGCGTGGTCTGACGCCCAACCACTTGCTGCCTGCGTCCCTAG,TRUE
seq00453,GGGTCCTGGCTGAGTAGGGAGGATTGACCGCTCTCTCTGTGTGTGCTGACATCCCACTCCCTCACCCCAG,TRUE
seq00454,TTAGGAAGGGGCCTCAGGGGTGACAGAGAGGTCAGGACTGTGCTCTCCCCCACCCAG,TRUE
seq00455,TGAGCCTGAGTGCGGAACTGACGACGAGAGGTGAGCTGATCCCTCTGTCCCTCTGTCCCCCTAG,TRUE
seq00456,GGGACTGAGGTGGGAGAGTAGATAGGAGACCTTCCCCTGTGTGTGCTAGCACCGCTACCCAACAG,TRUE
seq00457,TTCTCGGGAGGGGAGCGACCTGGGCATGGCTCAAGGGAAGACAGTGCCCCCTCCTGTGACTCCCCCTTCACGTCCCCAG,TRUE
seq00458,GTGAGAGAGGGTATGTGGCAGAGACACCCCTTCATTGGTGTGTTCGCCCCTAACCTGGCCTACTCTCAGTTTT,TRUE
seq00459,CTGTGCCTGGGTCTCTGGGGTGCGTGAAGTCACTCAGCACAACACCCCTTGCTGACCTTCCAG,TRUE
seq00460,GTGGGCACTGGGTGACGTGCCTCCCCACTTGCTCGCGACTCTCCTCAGCTGTCTCCACTCTTTGCACGTTCACACCCATTCCCCCCCAG,TRUE
seq00461,GGAGAAGAAAGTGGGTGAGGCAAGTCATGGGCGTCGATCAACAGCCATCTCTCCCTCTCCCCCTGG,TRUE
seq00462,GAAGGATGTGACAAGGCTGGAGTGGCTAGAGAAGGTGACCCTCCAGACAGCTGTGCCACCAG,TRUE
seq00463,GAAGCGTTGTGCGGGAAGGCACTCTGTATGAACGGGCTCTGTACGTTGTACCTCCCATCAG,TRUE
seq00464,GGGCAGGGCTGTGCGGCGTCAGGTGATGGGTAGAGGACTCATGCTCCCTCACCAGCACACCTCGCATCCCTCTCACCTCCCCCAG,TRUE
seq00465,GGAGTCCTGAGGAGGGCTCTGTGCGTTCAAGGCACGTTGCATCGCTCTGCTCGCCCCCTCTCTCCCTCTCGCCCCCCTCAG,TRUE
seq00466,TGGTGTGAGGAGAGGATAGGGGTGTCTGCAGGCTGCGTGTACAAGTGACCTCTGTCTCTCAACCCTAATGTCCAGG,TRUE
seq00467,GAGGAGAGGGGCTGGAGATGGGGTGGCTGGTGTGCTACTGCTAGTCTGTGACTTCCTCCCTCTGACCAG,TRUE
seq00468,GTGCCTTAGAGAGGCGTAGGGATGTCTGGGGCCACCCTGTCTCTGTTCCCACCGCCATTCCAG,TRUE
seq00469,ATGGCAGAGAGCAGGGGAAACGCACTCTCGCCTGCTATGTGGACAGCCTGTTCCTCTCCCTCCAG,TRUE
seq00470,GAGTGTACTGGGTGCAGGAGGCCTCTAAGGTCAGTCCACTCTCCCCCTCCTTCCCTCCCAG,TRUE
seq00471,TGCAGAGTCCGGGGAGAGACTCGTGAGCACAAGTGTAGGACTCCTCATGCCGAGACCTAGAACCCGGGGACCCTGACTGACCTCTAG,TRUE
seq00472,CAACGTCTGGGACGCACCAGGGTTGTGGGGACTCGACCTCTGTCACACTCCCGCATGCTCCCCCAG,TRUE
seq00473,CTCGGGTGGGCACAGGGGCTGAGCATTGCCCTTCCAGGTCCCTCCCTCACCCTCTCTATCCCTGG,TRUE
seq00474,GTGGGCATCAGAGTGCAGGCCTGGCACCTTCTACCTGCGTACATCTCCCCCCAG,TRUE
seq00475,CTCACTGTGAGGGTAGGGGCAGAGCTGTGCACAGAGCCAAGCCCTGAGTGCACCATGAGGCCATCACTCCAG,TRUE
seq00476,GTGCGAAGGAGAGTGGGCTCAGGCGTGGAATAGCGGACTCTCCCACGTCCAGCTTCAGTCGTCCCCCCCCAG,TRUE
seq00477,CTCTGACTAAGAGGAGAGCCGCAACGACTAGGGTCGTCCACCTAGCCCCTCTCCCGGTACCTGTCACTCCTTTCTCCCAG,TRUE
seq00478,GTGGACAGGGAAGTGCTGCAAAGCATGGTCCTCCAGTGACACTTCCAGCCTCACTGTGTAGACCCTGCTACCCCCCCATACTAG,TRUE
seq00479,GGGACACGCGAGCAGAGGTGGAGTAGGAGATCACAGGCCGCCCCCATACCCCCTATAGCTAGAGCCCTCCAG,TRUE
seq00480,GTGCTAGTGGGACGAGCAGACACACGAGAAGGGGACCTGTTCACCCTCTCCCTACCTCTGCCACCCTCAG,TRUE
seq00481,GGGGTATGGGCCTGTGCCCCACGTCGCACGGCATGCACTGAAGGCTCAAGTGAAGTGCGTGGTCCAG,TRUE
seq00482,ATGCGTGCGGCAGAGGACATGAGGGTGAGACTGTGAGCACAGTGAGCTGCACACCTCCTCCCCTAG,TRUE
seq00483,TGTGGCAAAGGACGCGATCGCTCCCTTCCTGGGAGGTGCCCATGCACTGTCCCCCTCTCCCTCAGCCCCTTCCCCCTACCCCTCCAAG,TRUE
seq00484,GCCACCAGGGGTAACCAAGAGTGGATGGCTATCACAGCCGTGTGTGACACTCCCCGGCTGCAAACCCCCTCCCCCCCCCCCAG,TRUE
seq00485,GGCGGGGGTGGGGTGCTCTGTGTGGATTGCCAGGTCGGATGGCCTCCTCTCTCTCATCCTGCCCCAAACCTCCCCCCCCTTTTTTTCCCAG,TRUE
seq00486,TGAGAAGAGTGGGAAAGACCGGACTCTATGGGTGCAGTAGGTTGTGTGCATGCACTAGCAG,TRUE
seq00487,GGGCCTGTGGGGGTTCAGACGACGCTCCGCTCTGTCCCCTGGGCCTGAACAAAGCTCTGTCATCAACAAGTCTTTCCCCCAG,TRUE
seq00488,GTGCGTAGGTGACTGGGGAGACCAAGTGTGGGAGAGTCGCCCATGGTCTTCCCCTCCCCAG,TRUE
seq00489,GGATGGTGGGGTAAAGGGAGCATGGGGAGGCTAGGGTACACAGTGGCATAGGCCCGTTCCCTCCACTCCAG,TRUE
seq00490,GTGGGGGGCAATGGGGTGGAGGTGTTGTGCCCCGAGTGATCCCTGCTGTGTCCCATCCCCTCAGG,TRUE
seq00491,GACCATGAGAGGGCTGGAGCAATGGCCTGCCAAGGTATGTGCCAATCTGGACTGCCCTCCCCTGTCAG,TRUE
seq00492,GGGGCTTGGGAAGGTCAAGAGCTCTATGAGGCCCGTCAGCATGACCTCCCCTGCCTGGCACCCTCCAG,TRUE
seq00493,GTGGGATGGCGGGTAGGTAGGAGGCCAAGACTGAGGTGTCAGAGCACTCCGGACCCCTCCCCCCCAG,TRUE
seq00494,GTGCCCTGTGGCAAGGACTCAGCAGTCGACCCCCTGACTCGCCAGCATCCTCCCTCTCCCTCCAG,TRUE
seq00495,AGCTCTGGGGGTGAGTGGACCTGGACGCACAGTGTGAGAGGCCTCTCTCCACCTTAGCACCCTCCCCGCCTCACCCAG,TRUE
seq00496,TGGCAGGCGTGTGCAGGGGAGACCAAGAGGGAAAGGTCCCGTGTACAGTGACCTCAGTCCGACCGACCCCCCCTCCATCCCCTCCCCCAG,TRUE
seq00497,TGGCCTGGGCTGGCTGGCTACCGTGGTGCGTGGGCCTTCTGTCCTCTTGCCCCACCTGGAAGCGCCTCCATAG,TRUE
seq00498,AAGGGACGTGGAGCGGATGAGCCAGCCTGACCTGGTCATCCATGTCCCCCTTCGCTCTGGGATGCCTCATCTCTGCAG,TRUE
seq00499,TGACCTGGCAGAGAGGAAGGAGAAAGCTGACCCTGTAACCTGAGACACCCTGTGACCTGTGCCTCCCTACTCAG,TRUE
seq00500,TGCTGAGCGAGGTCCGTGAGTAGCTGGCTTTGCGGGTGAACAAGCGGTCAACTTCCTGCCATGGCATGACCGTCCCCCTCCAG,TRUE
seq00501,GTCCGTTGGTGAGGCAGGGAACCCTGTCTGCGTCCGTGATGTGAGGTCCTCCTCCCTTGTCTCTGTCTGCCTCTCCCAG,TRUE
seq00502,TTGCGAGAGGGGGGTCAGGGCTCACAGTCACTGTGATGTCCCCTCATGTGGGTCTCCACTGCCTACCCGTCTACCTTGACAG,TRUE
seq00503,GAAGCAGAGGGTGACTGACTGTCGCTCAGAGGTGTGCCGTGGGCACTTGCCTCCTTCCCCCCAG,TRUE
seq00504,TGAAGAGGGGTGGTGAGCGGTGGTGCCTGTCCAGGGTGGCCCTCAAATCTCCTCTCCCATCCGTCCCTATTTTTTCCCCATTTTT,TRUE
seq00505,GCCTGCATGGGGGCTGGGCGATGAGACAGTCGACTCTGCGACAGGACACACTGTCAGCCCTTCTCCCCCAG,TRUE
seq00506,GTGCGTATGTGGGTAGTGGCGGTATGGGTGGACGTGGCCTGTGTGCGCTTCCATCCATGCCCCTCAG,TRUE
seq00507,TGGCGAGGGGAAGGTAGGAGCTTCGCCAGGCTGGTGTGTGCCCTTCCCACCACCTAGCCTCTCCTCAG,TRUE
seq00508,ATGCCAGGGCAGACAGTGCCAGCTTCAAGCATGCTCCATCCGTGGTTCCCTCCTCAGGCAGAGTGCCTCCAG,TRUE
seq00509,TGGGCATGAGGGCCCGCTTGCTGGGCCTGGGCCACTTCCCTGCCCTCCCCTGACCGCTCTCTCCATATTTTCAGG,TRUE
seq00510,GGGCCAGGCAAGGGCGAACCCTGTCCGGTCCACTGGTCCGTCCCCTACCACCCTCCCTGTCCCACCCAG,TRUE
seq00511,TTAGGCGGGAGGCTGGGCTCTGCAGAGAAGACAGGGACTCTCCCTCGTCTCCACACCTCTCCTCCAG,TRUE
seq00512,GTGAGTCTGTGGGGAAGAAGACAAGGATGGAGCTCGTCGGTCTGGTTTGCTGACTGCATCGCCCCTAG,TRUE
seq00513,TAGGCGGGAAGTAAGCTCAGGTGAGCTGCCCTGTTCTGTGAAGCCCTGACTGATGACCGAGACCCACCAG,TRUE
seq00514,GGAGCTCTGGGGGTCCCTGCCCTTCCTGTGGGCAACGACTCTAGACGACTTCTCCTGCCTAACAGTCACCAG,TRUE
seq00515,GGGCATGGGGAGCCCGTGTACGGCAGGGTAAAACGCTTGCCTAGCCCCCTCGACAACGGAACACACCTCCCCCCAG,TRUE
seq00516,TGGGCAAGGGGCTCGCTGTGCGGAATGTGAGAGCCTGAAAAACCCAGTCTGTCTCACCCCCAG,TRUE
seq00517,GCTGCGACTGACTGGACTGGGCAAAGCGCAGACTGCGTCTCCCGCTACTGACCCGATCTCG,TRUE
seq00518,TTGAGGGGGTGTCTGAAGGCTGGGAATGCCCAGCCGCTCCCTGCAGGCATGCTTACTAACCAGCCCTCTCCTTGCCAGCCCCCCCCCCAG,TRUE
seq00519,TGCCATCTGGGGAGTGAATAGAGTGGGCAGAGCAAGTCTGATACCTGTCTACCCCTGTCCTTCTTCCCTAG,TRUE
seq00520,GTGAGTGGGCTGGCAGGGCTGTGAAGGCCAGTAGAGTGGCTGTACCCCTGGCAATGTCCTGCCCTCCAG,TRUE
seq00521,TAGCGGTGGGCAGAAGCGGGCTGGACAGGCGAGTGATCACTGTCTCACCCCCTCTTCTCCCTCCAG,TRUE
seq00522,GGCGGAGGACACGGAGGCACCTCACGGCCCAATCTCCCGTGAGGTCTGTCAGCCCCCTGCCTACACAG,TRUE
seq00523,GTGGACAGTGGCCATGGCAGGCAGAGGACACCGGATAGTCCCTCCTCACTGCCGCTCCCTCCAG,TRUE
seq00524,GTGGGCAGTCTGGGTGGTCGGACTAGGTTCCTGGCGCCCAGCTGGCTGTACATCCTGTGTAG,TRUE
seq00525,GTGGCGGGACCGTCGGCCTGGCCAGAGTGACTCCCTGATCAACCAACCTGTCTCGCCAGACCTCCACACTAG,TRUE
seq00526,GTCAGAAGCAGTGAAGGGGGATCCCGTGAGCAATGCAGTCCGCTTCCCCCCCTCATCTCCACTACCCCCATTACACTCCCACCCCCTCAG,TRUE
seq00527,GAGCCTAGGGGAGTGACGGCGGTGACCAGGAGTGTAGAGCAGTAGCACACCCAAGCTCTGTGCCAG,TRUE
seq00528,GTGTGAGTGCAGGTCAGGAGATTCGAGTGGCTGCTGAGGCGTCTCCGCCACCTCTGACCGCTCTTCATTCTCATCCCAGCGCCCATCCAG,TRUE
seq00529,GAGTGACTGCCGGAGAACGCTGTGTGCTCCCGGCCGATGTGGAGCCCCATGACTTGACATTCCCCAGTTTTTTTTGCGG,TRUE
seq00530,GAGGGATGGGGCTGACAGGTGTAGGCCGACACCCTTACCATCCTGTCACCTCCCCAAG,TRUE
seq00531,GGGCCAGGTCTGAGGGGACACCCTGAGATCAAGCCTATGCAATGCCCCCCTCTAGCAGCCATCTGCTGTTCCCCCAG,TRUE
seq00532,GAGGTGGGTCTCGGGGAGAGCGCTCTTAGGCTGGTCTGTGGACTTGACCCCTCTGATACTCCCCAGGCCCCCTCAAG,TRUE
seq00533,GTGCGTGTCTGAGAAGGAAGGCGGCCTAGTGGGCAATGAGTACCCTGCCACCTAGGTTAGCCCTCTCCCCCCAG,TRUE
seq00534,TGCGGTAAGGAAGGGGGGTCAGTCGGGCTCGCTTACCCCGAACTCTGCCTAGAACGACCCTCCCCGAATGCCAGCCTCCCCTAG,TRUE
seq00535,GTCGGTGCGCGAGTGAGCCGGCTTAGGCACGGACTGACGCATTGCCACGCAAGACTCCTCCACCCTGCCCAG,TRUE
seq00536,TGAGGGGAATGGGTCTGAGGAGCAGTCTGGTACAGGAGGATCGGTGACGCCTACCTCGCCTACACTGCACCCTCCCCCCCTGACCAG,TRUE
seq00537,GAGAGTAGGGACTGTAAGAGAGCAAAGCTCAGCGTCACTCCCCCATGCCAATGGACCTGCCAG,TRUE
seq00538,TTCCCTGTGTGTGCCAGCGAGCGAAGCCACCCTCACACGCTCCACGTGCTCTTCCTGCCTTCCCAG,TRUE
seq00539,GAAAGAGAGGCAGGAGAGGGTGTACGAAGAGGGTGGTGTCCCAACTCCGACCCTACCTCCCTGCACGCTCCCCTCCACCCCTTAGG,TRUE
seq00540,TGCCCTAAGGAGAATGGACAGAGACAAACACGCGGTAGACGCTCTGCCACCGCACCCCTCCGTCCTCAG,TRUE
seq00541,GGGAGGTCGGGGTAGCAAAGGACGGTGTGACAGGTTACTCCCCCCTCACCTCCACCCCTACCTCCCAAG,TRUE
seq00542,TAGTGTGGGGTGTGCAAGACGCCAGGGCTATGGCCCGATGCCCACTCTCCAGTCTGTCAACACCTCGG,TRUE
seq00543,TGAGCTTGGACTGAAGGCAGCTGGCCTGCTCTGGCCTACCATGCCTCACTTGTCCCTGCCCGCTCCCTAG,TRUE
seq00544,TGAGCCGGAAGAGGGGGAAGAGCAAGAGTGGCCTGACACGCCTCACACCTCTCCCCCCAAAAGCCCACCCTCAG,TRUE
seq00545,GTGGGACGTCAGTGGGGACCGCTGTGAAGGGTAGCAGTGCCAGGCTAGACGGCACGTAGCCACGCCAG,TRUE
seq00546,TAGCAAGGCGGCTGGATGAAGGGCAAGCCTTACCCCCAAGCACCCCCATCCCTCCTTGCGCCTTCCAG,TRUE
seq00547,AGGCCTGGCAGATGAGTGTCCAGGCCGGAGCTACCTATCGCTACGTACCCTGTCGCTGGGACCCTGCCCAG,TRUE
seq00548,TGAGAAAGAGGAAAGATAGAGGCGAGAATTGGAAGACTCCTCTAGAGCGTATCCCTCCTTCCAAG,TRUE
seq00549,TGTCCGTGGGCTGTCCTGTGACAGGCAGGATTGCCTAGCTCCCCGTGTCAAGACCCTGCAAGGTCACCCCCACTAG,TRUE
seq00550,GGGCAGGGTGGTGTGGGTGAGCAGGTCTGTGCCCCTCTGGACAGCACCCCTGTGGGTCCAAGCAG,TRUE
seq00551,GTGAGAGTGAGGGGAGCCCTGCCTGGACTCCGGTGGCCGTCACCTGAGCCCTCCCTTACTCTCTGCTCTGCTCCCCAG,TRUE
seq00552,GTGAGTGGCTGTGGGCCTGGGAAGTGCCAGACAAAAGGACAGTCTGCCTCATCGTGCACTCAG,TRUE
seq00553,GAGGGAGCACAGGAGGAGCATGAGAGGATAGCATGGTGGCTAAACAGTGTCCCCAGTGCAGAGCACTCCACTATGACTCCTCACTCCCAG,TRUE
seq00554,GTGAGGTGGGAAGGGAGGGCTGCGTCCCACTGGAACAGGGTCTGGCATGCTCCACCTCTGAAGAGTCCTCCCCTAGG,TRUE
seq00555,GTGCCATGTGGGAAGGCAATGAGAATGCTGGTACCGGAAGTGTCGCCCTCGCCCCACCTAGCCAG,TRUE
seq00556,GAGAGCTGTGGGAGGCGTGCGGGATGCTTTGGAAGAGAACGCTGCGACAAGCAACTGACCCTCTGTCAG,TRUE
seq00557,TGAGGGAAGAAGGAGGACGGAACACGGCATCGCCCGTTCACCTGAACTCCTAAGCCCCTGTTGCCTCCTCAG,TRUE
seq00558,GGGCCTAAGGCCCAGGTGTCTAAGAGGCCACCTCCCCCTGCCATCTGACCTGGCTCAGCACCTCCCCTCCCCTCTCCACCACTCAG,TRUE
seq00559,CTGCGTAGGGGAGGTAGGCATGAGAGTGAGAACTGTCAGGCACTGCAGACTCCCTGCCCTCCCAG,TRUE
seq00560,GTGTAGGAAAGGAGGGTTTGGGGACAGTGTCCGGTGTGTTCGAGGGACTACCCTGCCACGCTGTCCCACACTCAG,TRUE
seq00561,ATAGGGAGCTGATGGGCAATGTGGTCTGAGGGTCATAGATGCCCGTTGCTCCCTTACTGCTTCCTGCAG,TRUE
seq00562,GTGCACCAGGGTATGTGGGGGTGGCTGGGCCCTGGTGCTCTCTGGCCACCTCCCTACTTCCCCCCCAAG,TRUE
seq00563,GGACCTCCGGGGCTAGGGGAGCCCAGTCTGGAGCCCCTGGCCTGTCAGGACTGCAACGCATCGCCTTCCGCTCTCTCATCCAG,TRUE
seq00564,ATGAGGTAGGGGCCAGGCTGCCATGCTGGCTGAGCCACCCTAGGTCACCTGCCCTATTTTTTGGCCCCTGCCTAGTTTTTTTCCCCCAG,TRUE
seq00565,GTGGGCAAGGCCTGGAGGTTGGGCAAGGCTTCCTTTGCCCTGCGCTGACTCGCCCTTGCCCTCAG,TRUE
seq00566,TTCAGAGGGAGGCTGGGGCTAGGCTTGCCTAGGCCCCCTCTCTGAGCTGACTCCCTTGTCTACAGAGCCCCAG,TRUE
seq00567,GTGGGGAGACGGACAGGCTAAGCCCGGAGCTAGTCTCCCGGGCAGCTCTCCCTTTGCACCCCCCCCCTCAG,TRUE
seq00568,GGGCATTGGGGGAGGAAGCACTGACACAGCATGAGTCTTCCTGTCTTCCCCACCGTCCCCAG,TRUE
seq00569,AAAGGGAGGGTGTGCGTGCGAAGACTGAGACTCGGCCTTCGCATGATGACATCCCCCTCCCAG,TRUE
seq00570,CACACTTGGGGATTAAGGGGGGCTTCGGTGAGTGGCTTCATCACCCCGCACTCCCCTCTCAG,TRUE
seq00571,GGACCAGGAGCTAGGGTAAGAGTGTGAGTCGGCAAGACCACCCCTCTCCCAGCTGCGCCAACCTCCCCCATCTGTCAAAG,TRUE
seq00572,ATGAGGTCAAAGGGGGTGATGGGGCTTCCACGGAGGACCGCCTTGAAAAGCCCTGCCCACGCCTCTCCCCATCCCCTGCTCCCAG,TRUE
seq00573,ATGGCCTGGCGTCTGAGGTCGAGGTGCCCTGTTCGACCTGCCCAGCATCCCGTCCCTCCCCGACCAG,TRUE
seq00574,GTGGATGCGAGTATGAGGCTGTGGGCGCTCACGGCCACTCCATCGAGCCACGTGCACAACCCCCCTCAG,TRUE
seq00575,AGCCCTGGGAGGGAACCCAGGGAACTATGGGGGCCCTCTCTAGTCCCTGCCTTGCCCCCCTGTCAG,TRUE
seq00576,TGCGGTCAGTGAGGTCCAGGCTGAACAGAGGACAGGTGTGACCCCCAGAAGGGTCCCTTCCTCACCCCCCCCCCACCACGCAG,TRUE
seq00577,TGGCGTGAGGGGTCTTGGCGGGTCACCTGAGGTCAAGTGCGTGTCTCGAGTCAGACCCCCTCCTCAG,TRUE
seq00578,GTGAGACAGGGAACTGCGTGGGGGAGGCCTAACAGGCACGTGACCCCCTTCCTCTGAAAGGCCTCCCAG,TRUE
seq00579,GTGCCAGGCTGTGGGGTGGAGCCTAGCTCACAGCCGTCCAACCGCCACGACCACACATCTCACTCCTGTACCTTGCAAG,TRUE
seq00580,GTGTGCGGCAGTACGGAGAACAGGCCAGCCTGATCTAGCCTACCTGCCTCTCTGTCCTCGTCTGTCCAAG,TRUE
seq00581,GTAGGTGGAGGCAAAGTGAGAGTGCAAGGGGCCCTGTGTCCTGCAGCTCAGTCTGTGTGACACCCACCCTCCACAG,TRUE
seq00582,TGAGATGACGGGATGGATGGGGGGCCCACTGCACGGGGCCCCTCAACACCGTTCCCCCTCCAG,TRUE
seq00583,AGGAGTGGGCGCTCCTGGGGGCTGTGCTGCGCCCTCCTCACTCTGTGTGATTGCCCAGCACTCCCAG,TRUE
seq00584,TAAGGCGGGAAGGAAGGAAAGCGTCAGACTGGGTGGCCTCCCTATACTGGGTCCCTGTACCTTCCCAG,TRUE
seq00585,GTGCCTGTAGGCGGACAGAGGGGTGACCCTCAGTAAAGGGCTCCCCTACCTCCCTCTGCCCCCCTTCCAAG,TRUE
seq00586,TGAACTGGGGGAATGGAGGCATGGGGACCTCCCGCCTCCGTAAGGCAGCATGCTCCAGTGCACCCTTCCAG,TRUE
seq00587,GAGGCTTGGGGAGTGGGAAGACAGGACCGCAGTCCTCGCCTCACCCAAGGTGACAGCTCGTCACTACAG,TRUE
seq00588,AGGCGTGTGCGGGGTGGCTCAAGGGAGGGGATGACCGGACAAGGAAATGCGCCCTGCACCCTCATCCACCCCTTGCCAG,TRUE
seq00589,GTGGGAAGCAGCAGCTGAGTGTGCATTCCCCTGGCACTGCACAGCTATCGACACCTGCCCAG,TRUE
seq00590,AATGACGGGGCCTGGGCTGGGTGGTGAGACCTGTCCGCAGACTGACCCCCCCCCCTGTGTCCCAG,TRUE
seq00591,AATGGGGGTGGGATGGGATAGGAGGTGTGGTACCCAGCAGCCCCTCGTGGACAACCGGACACGAGCAGTCCCAG,TRUE
seq00592,TCTCCCTGGGTGTGACTGGTGCCTTGGGACAAGTGACTAGCAGTAGAAGCCCGACCCCTCCTCTCCTAG,TRUE
seq00593,GGCCAGCTGGGGATAGGAGAAGAACTGTGCGGAGCTGACTCTCCTCCCCCTTAGCACACCCTTGGTGCTCCACTTTTTTCCCCCGTCCAG,TRUE
seq00594,GTGAGATCGGAGCAAGGCCTGCTCTGGCCGGCTGTCGAGTGATGCACGATATCCTCTCTCAG,TRUE
seq00595,GTGGCAGTCTGTGTGGACTGGGCGATGTGGTCAGTGCCCTACCGGTTCCGACTCCTGCCCCAG,TRUE
seq00596,TGGCGGTGTGAGTGCCAGGATGTGAGACCGGCATGTCACACCCCCGGCCTCTCCCTCTTGCCAAGCTCACAG,TRUE
seq00597,GGAGCAGTAGACGGGAGCCTGGCATCGATGGAGTCCTTGAGTGGGTCCGACCCGCCTGGTCTGCACCTCCCAG,TRUE
seq00598,TACAGGGGCTGGGAGTGAAAGCACAGAAAGGGCTGAGAGCGCAAGACGCACTCCCTCCAACCCCCTCCTCTCCAG,TRUE
seq00599,ATGGTAGGGGCTGTCAGGGAAGGGATGAGCACGTGAGCTGCGTCCCCTGGCCCTTTGGCCGGTCAGCCCAAG,TRUE
seq00600,TGAGGGAGACAGGGTGGAGGAGCTAGCTAGAAGAGCCGCTGAAGCCTGGACTCCGTCCCCCTCTCAG,TRUE
seq00601,TGGGGGGTCAGAGCCCAAGAGCCCCCTTCGGGCAGCCATCCATCCATGTCCGCTGTGCTTCCTGCCTCAAGTTTTTTTGCCTCAG,TRUE
seq00602,GGGGTCTGCGAGAGAGACCCCCTTGCTGTGAAGCTCTCGAGCACTGCCCACCTCGCCCGTGAGCTCCGCCCACCTCACCCAG,TRUE
seq00603,GACACAGGGCAAGAGCCAGGAGCATCACCTCGGACTGCTTCCTGAGTGCCTCCCACAGAATTCCCAGG,TRUE
seq00604,TGAGTAAGAGGACCTGTCCTGAGAGAATGAGGACCTCTAGCTCCCTGCCCTGGAGTCCGTCACCAAG,TRUE
seq00605,GGGAGCAGTGGGATGAGTGCGCGTCTCCGTGGGTGAGTAGGCCTCCCTTGCACACACCTCCCCAG,TRUE
seq00606,GTAGGTGAGTGAGCCAGGTCGAAGGGCGCCATCCTGTGTGAGGCCCCCATCCCTCCCTCACAG,TRUE
seq00607,GACGGGGAGGGTCTGAGGTGCTAGGCCACTATAGCCCACGTGACTGTCTGGGTGACTCCTCCTCTTTCCCAG,TRUE
seq00608,GGGGCTCTGGGGAGGAGAAACAGCAGCATACGGCTATCCTGAGCTCACCTCTCCAGCCTCCAG,TRUE
seq00609,TGAGGCTGGAGGGGCAAGGGCTCGCACTGAGGGAGCTCAGACTGAATCGTGGGTCCCCAGCTCACTCCTCCCCCCCCTAG,TRUE
seq00610,CTCAGAGTGCGAGGGATGGATGTGCCACCTGAAAAGGAGATGTACGCGTCCCTGGGCTCCACTCGAACACACGCCCCTCTGTCCAG,TRUE
seq00611,GGGATCTGAGACTGAGGGGTTAGCGCCGCTGATCCCTACCATACCCTTGCTCAGG,TRUE
seq00612,GTGCTGAAGGGGAAGGTGCAGAGAGGGTCTTCTGCCCTGGCTTGCATGCCTGCCGCACTGTCTCCCCAG,TRUE
seq00613,GAGCAGGGCGTGGCAGAAGGCTGTGTGACCCTCCCTTGGACCTGTGCTCTCCTGCATTGTCCAG,TRUE
seq00614,GTAGCCGGAGTTGGGAGCCGCCCGTCCCAAGCACAGTGCCTCTCCATCGCCTACCTCTCTTCCCACACGCCAG,TRUE
seq00615,TAACGCCGGGTGAAGGAGGCATGGTGGGCTGTAGCCCTCCGACCACCCGCCGCCTCTACACTGACCTCTCCAG,TRUE
seq00616,ATGGAGGCTGTGAGGGCAGTGGCAAGCTCAACTGAGGCTAGCAGTACCAAGGGTGCTCCCTGCCTCTAG,TRUE
seq00617,GGGGCATGGGTGGACGAGGACAACGGCCCTCCCCGCCTCTCCGCCACCCTGCTTCCCTTAACTCCAG,TRUE
seq00618,TGGACTGGGTGAGAAGCGTGACAGAGGGGGAGGCAGCCTGCGGCTAGATGAGCTGGGTACGGGTTCCGCCACTTCCTCAG,TRUE
seq00619,GCCCCTAGGGCGAGTGGGAGGCTCTCAGGGTGGAGAGCACCCTCCTAGGACTGCCTACCCTCCCTCAG,TRUE
seq00620,GTGCGCTGTGGGATGTACAGGGTTCACTGGGCGGCAGACATCGTCAGACCTTCTCCTAG,TRUE
seq00621,GTGTGAGTCGGGGTGGTGAAGGGCTTGAGAATCCTGGGAGTCACTCCGCTCCCCTGTACCCACTCCACTTCTTTCCCCCCAG,TRUE
seq00622,GGAGTGAGCTGAAAGGACAGGCGCTGCCAGCGGTCCCATGGTGCAACATGGCTCAACTCCCTCACCAGG,TRUE
seq00623,GTGAGCTTGGAGGCAGGGCCCCCATTCATATCCAGGCCGTCCATCCCTCTGCTGATCAGACTATCCAATCCTCTGGCCCTCTCCAAG,TRUE
seq00624,ATGAGCGGGAGGAAAAGGCGGTTGCGCGAGACTAGACCGGTCACCTAGTGCCTCTCTACTCAGCTCTCACCAG,TRUE
seq00625,CTGAGTGGGTGAGTGCAGGATGAGGGATGCCTACCCTGTGCGAACCACCCACCCTGGCCTGACGCACCCCCTTCCCTCATTCCCAG,TRUE
seq00626,TTCAGAGGACTGGGCGGCATCCGGGAAGGCCAGTCTGTAGCCCAGTCACCTTCCTTTGCACGCAAGCCTAG,TRUE
seq00627,TGCTGTGGGGGTCACCAGGGCGAGTCGCCTGAGCGAGACGAACTGGCTCCCCTCTGACTGGCCTCTCTCCTTTTTTCCTCCCATCCTCCAG,TRUE
seq00628,CTAAGTGAGGGGAGTGGGAACATGGGTGAGTCTCGCTGGGTTATCTCCGTGGTCTGCTGCACGAAGGGGTCCTTCCAG,TRUE
seq00629,GAGGCTTGGGCTGGGAGCCCTGACTGGCCTACTGAGCCCTCCGTGCCATGCACACTCCTAG,TRUE
seq00630,CTACATGGGAGAAAAAGGCACCAGAGCAGAGGGAGCCCTCTGCGCCCCTTCCCTCCCTCTGCTGCTCTCTCCGTCCAG,TRUE
seq00631,ATGGGAGCTGAGAGCAGCTAGTGGGAGTAGCTACTTGCTGTCGCCAGGTGTCCCTGCCCTCCCAG,TRUE
seq00632,TGAAGGGCCTCTGAGGCATGAGCAGGGTCCCACGCCTAGATGTGTGACTCGACCGTCAGTCACCCCTGCAACCCCCCAAG,TRUE
seq00633,ATGAGCTGAGAAAGAAGCATGGCGTGGCCGGGTACTCCGTGCTCCCTCCCCTCCTCCCCCCAG,TRUE
seq00634,GTGGGTAGCCGAGGCTGGGACCACTCAGGGTTATCGGCGCCACCTGAGTCGAGCTCTCCTCCCAG,TRUE
seq00635,ATGGCTGACCGAGTGGTGGCTGTGGGTGACGAACTCGAAGGATCCTCCCAAGCCTCCCTCCCCTACCCTGCACTCTCCCAG,TRUE
seq00636,GTGGCTAGACGGTCGGCTGAGTGTCGCCTCTCCCTCAGGTGACGCGTTAACGCCCCCCCCAG,TRUE
seq00637,TCACACGGGGAGGACTGTGAGAAAGAGGAACTCCCTGCACACTGTATCCCTCACTGTGTCCCCCCCTTTCCTCCAG,TRUE
seq00638,GAGGGTGACGGTGAGCAGGCAGGATCCTGCCTCTGGTGTGACTGAGACACCCAGCAACCCGTCTCTGACCTCCAG,TRUE
seq00639,GTGGGGGAACTGAGGGAAGAGAGACTCACGGCCTCCCGTACTGACACCGGTCCCCCCTGGTCTTCCCCTCCCTCCCAG,TRUE
seq00640,GCAAGGAGTGCAGAGGGCGCACTTGGGACTGCCCCCCTTCCTGTGCCTCGACTGCGTTGACCAG,TRUE
seq00641,TGGCCTGGATGTGAGGGCTTGGGAGCACTAGCCCAGTCTCCCCTCCAAGATCCTGGGCGAGACTCCACTAATCCCAG,TRUE
seq00642,CCCTAGAGGCGGATTGTGTGGGCAAGGACCAGCCATCAACCCCGACCTCTCTCCCCCCCTCTGTAG,TRUE
seq00643,GTGTGTGAGGGGACGGCTGTGTGCGAATGGCTGCGTGAGCACTAAGACTGTATGTCCTCCCCTCGG,TRUE
seq00644,TGGGGAAGACTGGGGCGCTAACCAGTGACCCCCTTCTGTCCCCACTCTCCAGCGCAGTGTCTGCCGTCCCCTGTGCAG,TRUE
seq00645,CTCCCTTGGGGTAGGAAGCACAGGTGACGTCGTCGGACTGCCTAGTTCAAGGCTCCCACCCAG,TRUE
seq00646,GTGGTACAAGGCCACGGTACGTGGCTGTGCAGCCCAGCCCTCTGCCCACCTCTCTCTCGCTGTCCCAG,TRUE
seq00647,ATGGGAGCTGGAACAAGACAGAGCACTGGCGCTACTGCTGTGCACAACCCCCACCGCTACCCAG,TRUE
seq00648,GGTGACCAGGCTTGGTCCAGAGGGTGATCAGGGAAGCCTGCCTGATCCAACGGTGTGTCCCTTACCTGCAG,TRUE
seq00649,TATGACGAGGGTAAGCGGTCAGTGTCTAGCGGTGCTCCTCGCTCGTCCACCCCCATGCTTCCTCAG,TRUE
seq00650,GTGAGAGTGACAGGATGGATGTGTATGCCATACCTCGCCCTGTGTAGCCACGCTCTCCCGGCAACCTCACCCTTACATCCATCTCCAG,TRUE
seq00651,TTCGGAGCCTCAGGAGGTAAACCAGAGTGACGGACGTGTGACAGAACGCCCGACTACTGTGACACCAG,TRUE
seq00652,TGCAGTGGGCTAGGTGGGGCACAGGCCTGAGTGGGCATCCCTACCCCCCTCCCCCTGACCCCCAG,TRUE
seq00653,TGAGCAGGACTGGGAGCCTGGGAAAGGCACACCACTCGCGTGACATGCCACCAGCAAGGTTGGCTCCCCAG,TRUE
seq00654,GGATCTAGGCGGGCTGAAGGGTCACCGGAGCCTTGGACCTTCTCGACCCCTACCCACTCACCTCGCCCCAG,TRUE
seq00655,GTGCGCTGTGAGGACGGACCCAGAGTCAGTAAGCCTGAGCTCTCCTCTCTCATCCCCCTCCCCAGG,TRUE
seq00656,TGCCCTGGGGTAGGTCTGGGGGGACTTGCAGAGGCGTCTTCTCTCACCCTCTCTCTGCACCCCCCCAGG,TRUE
seq00657,AGGGCTTGGGGCTCTAAGAGGCGTTGGGTGCTGGTCCCTTCCGCCTCTGACTGCTTCCCTAACCCTCCCAG,TRUE
seq00658,TAGGGAGTCGGAGTGTGTGCAGCGCTCTGTGGAGAGACCTGCACAGATCCGTCCCTGCTCGCTTAG,TRUE
seq00659,GTGTGAGACTGAGCCCGAAGGAGTCGAGGATCCCCCCTGAGTGGACAACCCACTCAGCCCAG,TRUE
seq00660,TGGAGCTTGGACAGACTGGCCAGGACACTGGAGAGCTACGTCTGCCCCGCCTCCCCCAG,TRUE
seq00661,GGGAGCTCAGAGGGGCGCTGGTGAAAGGTCGACATCGCCACATGCTCACCCCTGCCTTCTCTCCAAG,TRUE
seq00662,GTGGGCTGGGGATGGCAGGCCTGAGGTGAACACTGATGTCTCACACGCCTTGTCCCTTCCCCTCCACCAG,TRUE
seq00663,GACACTGGAGGCTGTGGGATCCCAAGGGACACTTCATGAGGAGCCCAGCCTCGGCCCCCCACCCCCTGCCTCTAG,TRUE
seq00664,TAGGGTGTGTGGGCCCCCAGGGGAATAGGGGTGAGTGCCACTCTTGCCACCATCTCACCAGCCCGCATTTTTTTGGGCACCCCGCCTAG,TRUE
seq00665,TGTGACTCGGGGGAGTCTGGCGACCGTAAACGGTGCTAGCTCTCCTCCGTCTCCCTCGCAG,TRUE
seq00666,CCTCAAGAGCGAGTGGGGGAATGAGCCACTGCTCCCCTCGAGTGCACACTCGACCAGCTTCAG,TRUE
seq00667,TGTGATGGGTGAGAGGTGTCGGAACGGTCTCCTGCCTACCATGCCCCGCCTCAAGTAGGACCCTCAG,TRUE
seq00668,TAACGCAGGGCCGATCTGTGGGTAGCGTGGACCGGTTCACTGCAGGGCAACCAAGTAGCATGCTCCCTCCCTCACCTCCTTCCTCAG,TRUE
seq00669,GTGGGTGGGGGACACGGTGTGGAGTCAACCGATAGAGTCGTGTCAACCCACAACTGCCAG,TRUE
seq00670,TAGGGCAGGGCAGCAGCCCAACGGACTCACCGGTGACGAGCTAAGCCTGCACCCTTCGCCCAG,TRUE
seq00671,GTAGAGAGGGATAAGGGGCCTTGCCCTGCCTTGGGCATAAGTTGCCTCGTCACCTCCCCAATGG,TRUE
seq00672,CCTCGGCGGGGCATGGGTGAGTGCCCCAGCTCAGGTGAGGTCAGTGTGATGCCCATTGCCTCCCTCTCAG,TRUE
seq00673,TAGAGGGACGGGATTGTGGCCTATGTGTGCCCTGCTCCCACACCATGCCCCTCCCTATAGCCAGGTGCTCACAG,TRUE
seq00674,GGAGGCAGGAGGTCCTGGCAGTATAGGGCGCCTCATCTCCCTGCCCGGCACCCCCTTCCACTCCCAG,TRUE
seq00675,AGGGGCAAGAGTAAGAGGGGAGGACATGCAAGGGCGCCTTGCCTCCACTCCACACCTCTCACTCCTCCCCCCCCCCAGTTTTTTGCGG,TRUE
seq00676,CTAGCTGGGCCTGGAGGGCATGTGCTAGGCCCACCTTGTCAGCCGCACGTATCCCTTCCCCCCCTGCCTCAGG,TRUE
seq00677,GGGGAGGGTGTCAGCCTAAGGGGACTTCAGGGCTACCGCTCTCCTCCATCCACCCTGACCCCCGCCTCAG,TRUE
seq00678,TGAGCTAAGCGGCAAGCTGCAAGAGCCAGGGAACGGTCACCACGCTGTCTTGCACGGTATGGTAGCCACTCTCAGCCCCCTCTAG,TRUE
seq00679,GAGGGTAGAGGACAGATGGTGCGTCCTCTCTCCCTGAGTGCGTCAGGCCTTCCTGAGCTGCAATGAGCTCGCTCCCCCTGCAG,TRUE
seq00680,TGAGGCTGAGGGTAGTATGGCTGTGAGCGACACGGGTTGCCTGCCTCCTCAGCTCTCCTTGCACCCTCGCATCCCCTCCAG,TRUE
seq00681,GCCCCTTGGCCGTGAGTGTCGACGGGGGCAACCACTTGTGTCGTGCTTGCTGCCGACCGTCCCTACCTCCCCAG,TRUE
seq00682,TGGAGTGCCGGGAAGAACGGGACAAGACTGGCCCACGTGAGTCCCCCCTAACCCCAACCTGAGCACCCCCAG,TRUE
seq00683,ATGTGAGAGAGGGGACCCATAAGGAAGGGGTGAATCCGTGTCCTCCCCCCCCCCTCCCCCTCTGCAG,TRUE
seq00684,TTGGGGCCGGAGGTAGGCCTACCCAGCACGGTTGGTGTGTGGTGCCTGCTCTGCCTCGCTCTCCCAG,TRUE
seq00685,TCAAGCCTGTGGAGCAAGAGGGCCGGGAGGAGGTGACCTCTTCCAACGCTGCCCCCTCCCCTCCCTCCCCCTCCCTAG,TRUE
seq00686,GTGGGACGGGAGAAGCAGGAATAGGGACAGAGTAGTGACCCTTGCCAGACCCTCCCTCAGG,TRUE
seq00687,CATGCAGGAAGGAAGCCGCTCCCCGGCCCTCCCTTTGGTGGCAAAGCCATGGCCCAACGACTGAGAGGAGGACAGCACAG,TRUE
seq00688,TGAAGTCTGAGGCCTGGCTGGGGTGAGGAGAGACATTGATGAGGACGTCTCTCCCTCCAG,TRUE
seq00689,TTGCGTGGGAGGGGTCGCTAAGGAGGTGCCCGACTCTGGGATCCATCGCTAACTCCTGTCTCCCTCTCCTCCTCAG,TRUE
seq00690,CAGCCATGAGGGTGGCACCAAGATTGCGCCCCCTGTGTCGGTTCCCTGAACCCTACCCCGCTTAGCCCTCAG,TRUE
seq00691,TGACCTGAGGAGAGAATAGGGCTTGACTGGCCGCCATCCCTTGCTCTGAACACCGACATGCCACGGCCGTCCCAG,TRUE
seq00692,GGGGCAAGGAGTGAGTAGCCACAGAAGGCCAGACGCTGTCCAGCCTATCTCCCTTCCTTACCTAGGACCTACCTCTCAGCCCTATAAG,TRUE
seq00693,ATGCGGGGTCGAGAGGGAAACGGAGTGTGAGGCAGTCTGGTGAGTCGTCCCTCCCTATGACAGACCCCTCTGCAG,TRUE
seq00694,GTAGCAGGGGGGACTGCAGGATGGCCACATGGACGCCCTGCTCCTCACTCAGTCTGACTCCTCCCAGG,TRUE
seq00695,GACGAGAGGGGATGAGGAGAATGGGAAAGCTTGGGTTGTCCAGCTTGCGCTCACACTCCCTCTCTTCTCCCCTCGCTCCCTTCCCTCACTCCCTCAAA,TRUE
seq00696,CACTGAAGCCTGGCAGAAGCTGAAGATCAGGGAGCACCGTGTGACGCTGATCCTCCCTGGAGCGCGTACCCTCTGCCCAGG,TRUE
seq00697,GAGAGGCCGGTGAATGTGTGGGGCTAATCCAGCCTGGCTTCCTGGGCTCACTCTGACTCCAAGCCTCCGG,TRUE
seq00698,GTGAGATGCCAGAGGGGTGAGAACCTGGGGAGCACAGTCTCTGTCGTCCCCTCCTCCCAG,TRUE
seq00699,GTGTCTCAGGGGAAACGAGGACACCCTGTGCCTGAGGGGTACCCTGCCCTGTTCTGATCCCACGCAG,TRUE
seq00700,GTGCGCGCACTGAGTGGCTGGGTCAGGTGTGGCCTAGCACCCGTGTCCCTCACTGCCTGTCCCTGCCAG,TRUE
seq00701,GCTAGGTGAGGAAGAGAGATGAGGTCTGATCGGTGGATACCTCCCTGACTCCCCGTCCAGTAG,TRUE
seq00702,TGAAAGGGCGGGCTGGAATCAGGCGACTGCAGGGCATGCCTGTCCCCTGGCTTGGCCGAAAGGGGCAGAGCCCATCACCACCCAG,TRUE
seq00703,ATGAGAGAGGTGCTAGGAGACTCGGTGTGTCTAGCTGACGACTGCACCCTCTTCCCCACCAG,TRUE
seq00704,TGCGGGGGGAACTAGGAGTTTGGAGACAGTTGGGGCTATACCCCTCTCTCTGCTCCTTCACCCCACTCCAG,TRUE
seq00705,GGCACTGTGAGGAGAAGAACAGCGCGGGAGTGTTAGGCGGATAGTACCCTATACCCCCTCCAG,TRUE
seq00706,GTGGGTGGCAGGATGAGGGTGCCGTTGCAGGCTGCTATGTGTGACCCAGCTATGTCTGCCCCAG,TRUE
seq00707,GTGCGGATGAGTGGCGGGACGGTGCACCAAGGCGGTCCCACCACGTCTCCCCATGACCTCTCCCCCCTCCCAG,TRUE
