id,seq,ismirtron
uc001api.1.2,TGGGGGTTATGGAACCAGAAAATGGGATCATGCCATCTGGGTTGTTCCTTGGCTTCCAG,0
uc001api.1.6,CAGCAGGAGAAAAGCTGGTGAATCAGAAATGACTTCATTCCACTCGGTTCTCTTCTGTTCTAG,0
uc001bfj.61,TTGGGGGGTGGTAACTGTAGGAGCAGCCCACAAAGCCCACTGCCCCCGCCCACGTTGCCACCCCCAACCCAG,1
uc001bny.0,AGGGGGCACTGGGCAGACAGTGTGTGCAAGATAGAGTCCAGGGCCACCTTCTGGCTGAGCCACACTGAGTCCATTACCCCCAG,1
uc001bqa.8,CGGGGCAGAGAGAAGCCATGTGTGTCTGTCTGTCACTGACCGTGGCTTTCCCTTTGCCTGCAG,1
uc001bvb.1,GGTGGGCGGGGTCCTGCTTGGTGCTCCTGTAACTCAGCACCCCTTCTCCCACCAAAG,1
uc001cbk.2,TCCAAAGGGATATATATGACTGCATGTATGTGCTGTGTATTCTCTCTTTGAACAG,0
uc001dxa.16,ATGGTGGGGATGTCAGGTGTGGGTTGTGAGCACACCCACCGTGACCTTGCCCACCCCAG,1
uc001epm.3,TTGGTAAAGTTGGTTTAAAGTGATGACATGTATCTTCCTTGACCATCCTTATCAG,0
uc001eto.1,TCAGAAATAGGAAGGTGGAAGGGCTTCATGGATAATCTCCTTTTCCTCCACTATCTTGTTTCTACAG,0
uc001fpr.2,TGGGGAGGGTGTGAGAGAGGTGCCCAAAGGCCCCTAAAAGGTGAGCCTCTCCTCTCTCCCCACAG,1
uc001fxk.4,GTAAGTCTGGGGAGATGGGGGGAGCTCTGCTGAGGGTGCACAAGGCCCTGGCTCTACACACATCCCTGTCTTACAG,0
uc001gxo.1,AGGTAGAAGGAGAGAAAAGGAGGCTAGGAGTCAGCTGCTCACCCATTTCCTCCCCCTGCCAG,1
uc001jvb.0,AGGGCAGGAAGGTGGGTCTTCTTGTGACTGAAGGTCCCCCGGATCTGCCCCTCCAG,1
uc001kuo.1,AAGATAGGCTGGGCTGTGTTTCTTGGTTTGGGAAGATTCCAGTCCCCTAGAAATTGGTCCAATCTACCTCAG,1
uc001kwy.1,TCTGGATGGGGCGGGAGGCTCACTGGTTTCATGTGGCGCTCATGTGCTGACTGCTCTCCCTCCAG,1
uc001lue.1,TGGGCAGCTGGGTGGGCCTGAGCTAGGGCAGCAGGGCCTGGCTCACGCCGCTGCCTCAG,1
uc001neq.2,TACTGAGTTGCAGTAGGGTATCAGCTTCTGATGCTAATGTGTCTGATTCCTGCTGTCTGCTTCTCAG,1
uc001nkm.0,AGCAGGGCTGGAATGGTCAAGGTTCCTGGGATGTCACAGGATGCTGCTGACATGACCTTGCCCCTCCCTCCCTCCAG,1
uc001nvf.1,GTAGGAAGCATGGACAGAGTAAGAACTTGTGTGTGGAGAGAATACTGCTTCCATGTTCCTAATACCTGTT,0
uc001obh.2,GAGGGGTAGGGGCCACAGAGCAGGGCACCCGGCCATCCCATCTGTGACCCCACCTCTAG,1
uc001ojn.1,AGGGAGGGGTGGCAGGGATTCCCGCCTGTTACAGAGACTCCCCCACACCTTTCTCCCAACAG,1
uc001okc.13,TCTGGCCTCTGCAGCCACACGGCAGAAGTGACAGCTGTGGGCTCTGGTGGCTGCAG,0
uc001okr.2,TGCATGGGACAGGAGAGCTTGTTGCAGAGATGTGATGCTAGGCTGAGGTGTCTTATCCCATGCAG,0
uc001ont.5,CACTGGGGATGCTGCAGAGACCAGACAGACTCATGGGGTCATGGACTTCTGCTTCTTCTCCAG,1
uc001orw.0,TCTGGGGCTGAGGCTGGCTGAGGCCCCTCCCCACCCACACCCAGCCTCCTCTCCAG,1
uc001pyp.0,TCAGGGAGAAAGAAGGGTTATTAACATTAAAAGAACTTGCAGTAATTCCTTTTTCTCTTCCTCAG,0
uc001qnt.0,ATGCGGGGCGGGGCCTGGGGTTGCCGCCCGAGGCTCACCGGCCCGCGTCCCCGCAG,1
uc001qnt.2,CTGTGGGGTGGGGGTGCAGGCGCTTCTCCTTTAGCTGTGCCGCACTTCTCCCTACAG,1
uc001spv.2,TGCTGCAGGCTCATACCATCCTAACTCTGTAAGCGACTTTTGGTGATAGGAGTCTGTGATTGTAG,0
uc001tsa.19,CTGGCCAGGAACTTTTGGGATGGGGACACCACCTCTCAGCCCTCCCTCTCTTCCTGGCCCCAG,1
uc001txo.3,ATGGGTGCTGGGGACATGCTGTAAAATACCGGTTGATCCCAGTCGTGTCCTTCCACCCAG,1
uc001uiz.7,AGCCAGGACTGAGCTTGGCGAGCCCCTGAAGCCCAGGGGTCTCACAGACTCTTCTCCTGCAG,1
uc001uje.5,GGGCCCGGCGGGGAGGGGCTCCGGGGCCGGCGCCGGTCCTGACGCTTCTCTCCCGCAG,1
uc001ujz.10,AGGGGAGGGTGGTGGGGGCTAGCAGTCCGGGCCCTGTCTCACAACCACTGCCCTGCCCAG,1
uc001war.28,TAGAGGAGTGGGTTTACTGGACAGTGATCTTTTGGTCTTATTGTTTGGTTTCCTAACTCATCTAG,0
uc001whc.2,AGGGAGGCTGAGGGAAGGGACTCAGGCTGCTATCGTCACTGTCCCCATCCTTCCAG,1
uc001whh.2,TAAGGGGAGAGGGAATGTGGGACATGACCCATCATTTCCTCCTTCCCCAG,1
uc001zbn.2,GGGCATGGCAGGGGGAGCTGCAGGGCTGTTGGAGGGGCCCCAGCGTCTGAGCCCTGTCCTCCCGCAG,0
uc001zqj.2,TTGGGGGCGGGGACAGGGAGGCTGGAGGAAGCCTTGCTGCCTCTCCCTCCTCCCCCCAG,1
uc001ztb.2,TATTGGGAATTGTGGGTAGCGGTGCAGTAACTAGACCTGCCTTTCCCATAG,1
uc002clv.14,AGGGAGTTGGTGGTGGGCATGGTGCCCTGTGTCCAGCTGGCACCCGAGCCGGCCGCCTGCCTTCCAG,1
uc002cos.37,CGGGTAGGGGGAGTCTGGGCTTCAGGCTGGGATGGGGTCTGTGGAGCTGAGGCGGCCCCCTGCCCACCAG,1
uc002cow.6,CGGGTGAGGGAGCGTGTGCCAGGCAGGCCGTGAGGGTCAGCACGCCCTCCTCTCCCAG,1
uc002cqk.5,TGAGGTGCCTGGGTCAGTGCTGATAGGGCAGTCAGGCCGCCACTGACCTGAGCATCCTGCAG,1
uc002dcr.2,AGGGCAGAGGGAATCCCACACGGGCTGGTGGATCATGTGTGTGCATTTCTCTCCCTTCTAG,1
uc002dcx.3,AGGGCAGAGGGAATCCCACACGTGCTGGTGGATCATGTGTGTGCATTTCTCTCCCTTCTAG,1
uc002dev.3,AGGGCAGAGGGAATCCCACACGTGCTGGTGGATCATGTGTGTGCATTTCTCTCCCTTCTAG,1
uc002dfc.3,AGGGCAGAGGGAATCCCACACGTGCTGGTGGATCATGTGTGTGCATTTCTCTCCCTTCTAG,1
uc002dva.1,GTGAGCTAGGGCTGCTTGGGGGCGGAGCCGATGGCGAGCCAGGTGGGTCCTGACCCTGCTTCCCTCTGCACTCGCCCAG,1
uc002dww.3,TCGTGGCCTGCAGTGGATGAGGGCAGGAGGCTCATGGCTTCTGACACTGTGGGGAACGTGCAG,0
uc002dzz.8,TACCTGGGCGCAGGGATGGGAGTGGCCAGGAGTGCTGACCTCTCATCTGGCTGCCCAG,1
uc002egp.17,ACTGGCAAAAGGGTTTAGAACTTGACTGCCCTATAAAGAGTTCTTCCTCTGTGCCATAG,1
uc002eux.5,TGGAGGGGAGCCGAGAGTATCGAGCAGGCACTGAAGCTGCGGTCCCTCCCTCTCCTCAG,1
uc002ewx.1,TTGAGGATGATGCAGTTCAGCTGTTCCCACTCACCAGGGCTGTAACTTCCTTTGCAG,1
uc002fsg.2,TCGGGGGTGGAACGGGGCTGCTGGCCCAGCTAAGGCTGCCTGACCTCGGCCCCACCCCTGCAG,1
uc002fwx.16,TGGGCCAGGACTAAGGGATGGGCGTGTCTTCATGTGGGGCTTCTCATCTCTGATTCCCTGACCAG,1
uc002fzo.5,TGGAGGGTAGACTGTGGGTTGGCAGCTCTAGACCTTGGCCTGATATGCTGACCCCTCTGCTCCTCAG,1
uc002fzz.2,TGGCAGGGGGTGGAATTGTGACACCTGGATCCTAGCCTCCTTTCTCTTTCCTCCTCCTCCAG,1
uc002gjp.18,GTGGGGTGGGGAATTGAGAGGATCTGACGCTGATTTCTTCCTCTCTCTTCCCTCAACTCTCAG,1
uc002hbq.2,TTGGGATAGGCGTTCAGAGAAGGTAATTTGGTCTTTGGTCATCTTCCCTGTTCCTTATTTCAG,0
uc002hbu.2,TCTGGAAAGGAAGGGCAGTTCCTTAACATTAATTATTGTTCATCCTTGCTTCTTCCTTCCAG,0
uc002hcs.4,TGGGTTGCAGGGTAGGTGACAGGTAGTCAGGATATTGACTCCTGCCTCTCTACTTCTGTGGCCCCAG,1
uc002huk.4,TGGAGCCAGGCTGAGAAGGGGTGCCATGGAGAAGAAGGCCCTCACTCTCCCTCCTCCCCCAG,1
uc002hxf.1,CAGGGAGAGAACGGCCACACTCACTAATCGTTGATTCCCTTTCCCTCCCTCACAG,1
uc002ihn.2,AGGAAGATGGCGGGGAGTAGTACTTCCCCGGAGCATAGATGTGGTTGAAGCTGCACCCTGTCCCCTCTTCCAG,1
uc002imz.3,TGGGAGGAAAGCACAAGGTTTTTCCTTCCCCCTTGTTAAAGCCTCTGTGTTTTGCCCTAG,1
uc002ivw.2,TCGAGGGGCAGGGCCAGAGCCTCTTTCCTGATCTCAGTCTCACCGGCCTCTTCTCTCCAG,1
uc002jni.10,TGTGACCTGGTGGAAGTGGAAAGACAGTCAAGTGACGCTCTCTTTCTCTTGAACTTCTTCACTGGGGCAG,0
uc002jth.6,CGGGGGGGCGGGGCTCAGAGCTGCTGCTCCTCTCTGCTGACCCTCTGTGTTCCGCCCACCCAG,1
uc002juj.1,AGCAGGGGCTGCTGGAAGGAGAGAGGTGGCTGGAGCCTGACCCCCCCGCCAACCCCCTCTGCAG,1
uc002jzz.1,TGAGGGCCTCTGGGGAGCACCTGCTGCTGTGAACATGTGTTCCTGTCTCCACCCTGCAG,1
uc002kde.1,ATGGGCGGGAATTCAGAGCCAGTCAGGGCACGCGAGTGACTACCGGCCTGTTTCTCTCCTAG,1
uc002kdg.1,GTGAGCAGGGCTGGGGTACCTCCCCCAACCTAGGACACCCCACTTGCCCTGCTGACC,0
uc002loy.2,TGGGCAGGGGTGACTTGGAGAGAGTGACTTGCGGGGGACACCCTCTCACCCGGCCCCTCGTGCCCCAG,1
uc002lpp.2,GTGAGTATGAGGCGGGCTGTCCCTGGCTCTCCCCAGGCTGCCCTGCGGCCGGCCCTGACCCCCTGTCTTGCAG,1
uc002lrj.25,AGTGCCCGCGGCCGCTCAGGCCTGCAGTCTCCGCTGAGCTCCCGCCACGCACGCAG,1
uc002lrp.2,CTGGGCCGGGCTGGGCTGGGGGCGCCGCAAGCTGGGGCTCCCAGCTGACGGACCGCTCTCCTTGCAG,1
uc002lvg.5,ATCAGGGACTTGGGCGTGGGGGGCGGCCAAAGGCACCCAAGAGGCGGCTCTGCCACCCGGCCGTGTCCCTGCAG,1
uc002lvy.2,CAGGAGCCACGGGACGCCCCAGCAGGGTATATGCAACAGACAGATTGTCACACCAGCTCGCTGTCCTGTGTCTCCCAG,1
uc002mcx.7,AGGGTGCATGGTGTCGTTGTGGCCGAGCCAGGCTACCAAGTGACCTCTGACCCCGCTGTGCACCCACAG,1
uc002mfn.13,GTGGAGCTGGACCAGGAGAGGAGTAACCAAGACTCACTCCCTCCTGCCCACCCCCCAG,1
uc002mgo.12,TAGGGAATGGGGAAAGGGGAGCGAGCCAGAGAAAACTGACGCCCCTCTTCCCTGCTTCCTTCCTCCAG,1
uc002mki.6,GTGGGGAGGGCGGTTTCAGCATGACTAGAATTCTGAACCCTGCATCGTCCCCCAG,1
uc002muf.2,AGGGGAAGGAGGGCTGGCTGAGTCCAAGGCCTGACTTCGGCGCTCTTCCCCCAG,1
uc002mvs.2.4,AAGGGAAGGAGGCTGGGGACCCCTGGGCCATTGCATGGACTTCCCACCTTCCCTCCTGAAG,1
uc002mvw.6,TGGGGAGAGGAGGGGACCAGGGCTGTGAATTACCTTCCCTTCCCCACCCTCTCCTGCAG,1
uc002mwj.8,GTTGGGGTGTCGTGGTCACGCTGGGAACTCGTGGCCACTGGTACCCCCCACAG,1
uc002mxv.2,AGGGGGTCGGGCCGGACGGGGCCTGACGGTCTCCTCTCCGTCTCCATCCCCAG,1
uc002mye.2,TATGGGACCAAGGAGAGGGCGTACCTACAAGGGTTGACGTTCCTCTTCCTGCCCCAG,1
uc002ndi.2,TCTGCAGTGGATGGGAGAGGACACGGCTGGTGGGGATCGGGCTCAGCTGGGCCTTTCTGTCTCTGCAG,0
uc002nhg.3,CCAGGGTGGGATGAGGCTTGGGAAAAATAGAAGCAGCCCTCTTGGCCTCACCCTCTCTAG,1
uc002nkk.2,TGGGGGTGACGGGCAGGCATGGGGGCTGGAGTGGCTGACCCTGCCTCCCCGTGTCTGCCTGTGTCTCCAG,1
uc002nxk.1,TGTGGGGCAGCATTGGGAGTGTGAACCCCCATCCAGGTTCTCACCTCTCAAACTTCCTCAG,1
uc002nyr.2,AGGGGACGGGATGGAGGAACAGAGAAAGCTAAGGGTAGCCTCTGCCCTCCTACTCCCCAG,1
uc002oam.6,ATGGGAGAAGGGGCAGGGAGCCTGGAGTCAGGCAGATGCTAGGGTCCCCCTCAGGTCCCTTCCTCCTCTTCTCCCTAG,1
uc002ojz.2,GTGAGCACCGTGCTGGGTGGCAGGGAGGCCAGGGGCCCACCTAGTGCCACCTTTCCGTGACTCCTGCTGTCTCCCTGCAG,1
uc002ola.6,CTGGAACATGGCAGAGGGCATACTAGGGGTTAACCTCCTGCCCTTTCTCATGTCCCCCCAG,1
uc002olt.1,TTGGGGACTCTGAGGACCTCTGGGTCTTGGTGTTTCACTGTCCTCACTGTCTTCCCAG,1
uc002owt.2,TGGTGGGGTGGAGGAGGAGAGAAGCTGGAGGCCTCAATCCATCCCCATCCCCTCAG,1
uc002oxj.4,TGTGGGACCTGGGGTGCAAGTGCAAGAGCAACAGCCACTCACCCCAAACCCCAAG,1
uc002ozy.0,ATTTGCTGGGGCTGAGTCGGGGGCGCGCGGGCCCTGACCTCTGCCCTCTGACCTCTCCCCTAGCAG,1
uc002pcg.11,TTTGGAAGGGAGGAGGCAGAGACTCTGCCCCTGACCTCTGCTCCTTGTTTCCTTCCAG,1
uc002pem.9,TGGGCTGTGGCAGCAGGTGGAGGCAGACAGTCACCCTGAACCCCTGTCTCTCCCTTCTGCCCACCCTCAG,1
uc002pkp.4,CGGCGGTGCTAGGGGGTGAGAGGTAACATCTTCCACCCCTTACACCTGCCCTAG,1
uc002qlt.9,AGGGGCCTAGGCTTGAGCAGAGGGAGACTGGGTCTGGGCCCCCTGTGACGCCGCTGCCTCCCCTGGCCCCACAG,1
uc002rji.2,TACCCGGAGGCTGGATGATGCTTGGGGGAAAGTGTGAACAACTCAGCTAAGCTCCCTGCCTCCTGTAG,0
uc002saj.2,TGGGGAAATGAAGTGAGAACAACTGAAATAGGAGAATAGATCAGTTATTCTGCTTCTAATTTCACAG,0
uc002thw.2,TGGTAAGAGTAAATGTGTAACCAGTTGCAGTTATTTTGTGCCTTGGACATCTGCTCTTCCAG,0
uc002vit.2,TTTGGGACCAGCAGATGAGGGCTGTGAGAGAGCTCTGACTTAGTGCCCTACATCTGCCTTCCCTCTAG,1
uc002vzy.2,CAGCCAGGGCTGAGGCCAGTGCTGGAAGCCTTGTGGAGCTTGTGCTGACCTCAGCTCTGTTCCCCCAG,1
uc002xqy.2,GTGGGGTGCTGGGAGCCAGACATGGCAAGCTTGTCTTACCCTCCCTCCACTTCCAG,1
uc002xro.3,CAGGGCGGAGGCAGGGCAGGGCCGGACCAGACCTGATGGTGCCTGTCCCCCGCCCTGCAG,1
uc003afq.9,GGGAAGGGGAGATTGCTATGACTGATGCTCATCAGCTTGGCACTTTCCTTTGTCCAG,1
uc003ahl.2,TTGGGGAGCTCAGACAGGGCAAATAGGTGGGTCTTTGATAAGGAATACCTTTGCCTCTGGCTCACCCTCTAG,1
uc003bbo.2,TCTGGGTAAGGGAGCAGGGCCAGCATTCTATCTCACTGCTGTTCTCTGCTCTCCCCGCAG,1
uc003bdd.4,CAGGACGAGTGTCAACAAGGACCTCCAAAGTCACTGTTGTACTCTTGCTCCTACAG,0
uc003bmk.3,TTGTGGGAACAGAGGGGTGGGTACATATCTGAAGGTGCATCTGAACTCTTGGCTCCCACAG,1
uc003buw.19,TGGAGTTTGGGAAAGATTGGCAGCCCAAGGTTTAAACCATTCTTCCTCTTTGCTCCAG,1
uc003cqp.17,TGGGGTGGAGTAGGGCAGGAAACTGGCTGGAAGGTCCCCCTCACTGCCATCCTCCTTCCCCCAG,1
uc003cum.7,GGAGATGGTGAGGGCAGGGAGTGTGCTGAGTCATGCCTTGCCCTCTCCCTCTAG,1
uc003dbw.10,GTAAGTGTGGAGGGAGAGTTGGGGGAGGACGGGGGTGGAGCTGATCTGCTCCCAGGGTCTCATCCATCTCTTCTCCATGCAG,1
uc003dej.63,TGTGGGCAGAGCAGAGCCTGCATTGGCCATCTCCATCTGGCCCAGGCCAACAGGCCTTGCTCTGCTCACAG,1
uc003gel.2,GTGGGGGACGTTTGCCGGTCACTGCTGCTGGCGCCCTGACTGTTGCCGTCCTCCAG,1
uc003lam.6,GGGGACCGGGGCGGGGACACATGGTCCTCTAACATGACCATACACTCATCTCTGCTCCCCACAG,1
uc003lcf.18,GTTGGGAAATGGTAGTGAAGGAAAGCTTGAGTGTAGCCTTCACCTCTATTCTTCCCTGGTAG,1
uc003lud.3,TCGGGCGCAAGAGCACTGCAGTTCTGTTGGGTGACAGCAGTGTTTGTTTTGCCCACAG,0
uc003mhh.2,AGGGGAGGGGACAGGGCATGGGAGTGCGGTGCTCTCACCTTTGACTTGAACTCATTCCCCAG,1
uc003mik.1,TCAGGAGGTAGAGCAGGCAGCTGCCCAGGTCTCACACCTGCCCTCTCTGCCCTCTCT,0
uc003mim.8,TGGGGAGGACAGCCATGACAGGAAGTGGAACTCACCCGCTTCGCTGCCCTTCCCAG,1
uc003mtz.4,TCGCCTGCACATAGGCCAGGAGGACAGTGTGTGTCATGACTGAAACTCTCCTTTGTCTCTGTGTGTGGCAG,1
uc003orw.1,TCGGGGAGATGAGAGACGTGTTGGCTAACCAGCTGCAGATATTCACCTCACATCTCTTGCTCTCCCCCAG,1
uc003pvv.2,CTGGGAGGAATGGAAGCGAACAGGAGAAAGCCACACTGAGCCTTTATCTCCATTTCTTCCCAG,1
uc003skn.2,CGGGCGGAGTGGGGGCACAGGCGGAGTGGGGGCACAGGCGTAGCGGGGACAGGGTCTGTACCCTCACCTCACCCAG,1
uc003slx.1,TGGGGCGGACAGCGCATACCTGCCTAGCCTTACAGTGTGGGTATGTGCCAACGGCCCTCTCTCACTCAG,1
uc003tyk.11,TATGGAAGATCGGGGCAGTGGGAGCTCTCTAGCGGCTGCTGACGGCTCTGTCTCCCTAG,1
uc003upz.5,CCAGGGGAGGAGGTGAGTGCAGAGGAGTGGGACACCGTGACTCACAGCTCTCTCCCCTCAG,1
uc003vnz.3,TTGGGCTGCGAGGGACTTTGGGGGGCACTTCCTGGCATGGACACCAGCTCCCTCTCTGCCCAG,1
uc003xat.2,CCAGGGGGACAGGGAGAGGATGTGTGATCTTGAGCCTCACTGTCCATGTCCCCCCGACACAG,1
uc003yzv.2,GTAAGTGCGGACTTTGGGGGGACGGGGTCCTGGAGAGGTCCCCGCCCGCTCAGCTCTGCGCCCT,0
uc003zab.4,GTGGGCTTGGGTCGGTGGGGACGGGGCGGCTGGGCGTGCCCTGCGGCCACGGCTCTGA,0
uc004aub.2,ATGCAGGGGTAAGTCAGGACCACGGGAGGTGTCTGGTGCTGACCCTGGGTCCGGTTGTCCTGCAG,0
uc004bft.2,AGGGAAAAAAAAAAGGATTTGTCTTGTAGCCAGGATATTGTTTTAAAGAAAATCCTTTTTGTTTTTCCAG,0
uc004bvw.9,GTGTGGAGGGAATGGGGGCTATGTGTGAGGGAGCAGGGCTGGGGTCCCGGGACTAAGCTCCCCCTTTTCTCCCAG,1
uc004dgu.1,AACACAGGGAAGGGGGAACTGCAGGGTTACAGCTTCCTTTTCCCTTCTCTGTGCAG,0
uc004dmz.1,CACGCAGGGCCGCCAAGGCAATGGGCGGGGTACCACAGCCGAGCCTTGTCTCCCTGCAG,1
uc004dyy.42,ACGGATTGGGAAAGGAGGTTGAAGAAGGAGAAAAGTTCGACTTCAGTCTTCCACTTCCTATTTCCACCCAG,1
uc004flm.2,GTGCGGCTCTGTGGGTGCCCGGGCCGTATGTGGCCTGGCCGGCCCTGACGCTCTCTGAGCCCTAG,1
uc004fph.2,TGGGATGTTTCTGGGTGGTTGGCCCTGGGTCTGGTCTGAACACCCTCTGCGTCCCCCAG,1
uc009vxn.2,ATGGAGGGAATCGGCAGCTGAGGCCTGACCCCTGCCTGGCTGCCCTCCCTCTCAG,1
uc009vxw.2,TGGGGTGGTGACAGTAGAAGGCTGAAACCAACATAGCTGAAACCTCTGCTTCTCTCACCTGGCAG,1
uc009whm.3,TCTGGAGGTGGAAGGAAAGGATTGGGAGCCAGCAATACTTTCCCTCCTTTTCCAG,1
uc009ybz.1,CTGGGTGCGGGCCCTCAGGCCGTGGGAGGCAGTGACGGCAGGGCCTTGGGTCTGTGCCCACAG,1
uc009yqd.11,TGAGGGTGGGCTGAGTGGGCAGCTGCAGCCCTGCTCCCTCCTCCCTCCCACCAG,1
uc009zbe.10,TGGAGGGGAAACTTGGATTGGGGAGAGGGCTCTGCCCTCCCTTCCTCATTCCAGGGCTCTCCTCTACCCTTAG,1
uc009zno.1,TTGGGGGAATGCTGGACATGAGTTGCGCTAGGGTTCCCGGCTCACCCCAGCCTGCCTCCACAG,1
uc009zpl.1,CTAGGGTGGAGTGTGGGTTGAGTCCAGAACCCGACATTGAGAGATGGACTCTCCCTACTATCTTCCCTAG,1
uc010bit.1,CAGGGGAATTGGAGCTGGATTCTAGTGTGGGAGCACGCTTGTCATCTTCCTTCTTTTCCCCCAG,1
uc010bto.1,CCAGGGCCACATAGTCACATAGTCACATAGTCACATGTGTCTGTGTCTGCCCAG,1
uc010bvf.1,AGGGCAGAGGGAATCCCACACGGGCTGGTGGATCATGTGTGTGCATTTCTCTCCCTTCTAG,1
uc010cel.1,TAGGCTGGATGGGGCTGGGCTGGGCAAGGCTGAGCAAAGCCAGCCCATTAACCCCTGTCCTCTCCTGCCCTTAG,1
uc010cgn.2,TCTGGGGCCGCTGGGGACAGGCCAGGGCATGGACTGACCTGCTTCCTGTGCTCCTCCAG,1
uc010cwp.5,TGAGAGGCTGAAAGGGGTCTGCGGCCCCAGCTGACCCCCGTCTTTCTCTCTAG,1
uc010dgk.2,TAGGTGGGGCATGTCAGGAGGAGCTGGCGGGTGCCACAGCCTCCCTGCCTATCCCTGCCCAG,1
uc010dtt.14,ACGGGGGCTGAGAGCAGAACCCCGAGCTGGACTCTGCTCCCTCCCCCCAG,1
uc010eei.2,GTGGGGGGAGTGCAGTGGCAGGAGGGAGAGTGTCCATAAAACACCATCCTGACTCAGCTCTGGCTCTGCTGTCTCCCCAG,1
uc010eei.27,TGGGGGTTGGGGGTGGAGCCGCGGAGGTGGGAGCTGCTGGTAACACCAACCCTCCCCCCACAG,1
uc010erg.2,AAGGGAGATGGGTGTGGGGAAGGGCCCAGAGTCTGACCTGGCCCCTTGCCCACCCCCTTCTGCCCAG,1
uc010fgg.2,ATGGGAAGTTGATTAAGGGAAATGAACCAGCATTCTGCCCATTGCCTGCAACTTCTTCCCCAG,1
uc010gzc.1,TCCAGGGGCAGTCTGCCACCCATCCTTCCTGACTGCCTGGCCCTGTCCCCTGCAG,1
uc010ncj.16,CAGGGACAGGTCCAGCTGGCTCGGCCCTCCCAAGCCCGCGGCCCCAGCAGCCGGCTCCTGTCCTCAG,1
uc010ogn.1,TCTGGGAGAACAAGGGGTCCCTGAAGACCAGCAACCATCTCACTCTGGCACCCCTGCTCCCCCAG,1
uc010pke.1,TAGGGAGAAGGGAGTAAACAGGAATGACCACAACCCTTTCCCGATCTCCTTTTTTCCTAG,1
uc010rhl.1,CCAGGGGTGTGTGGCCCAGTGGGGTCCCCTGAGCCACTGCTCCCCTGCAG,1
uc010sly.8,CTGGAGTGAGCAGTGGGCAGAGCTCCTGGTGAGCACTGCTGCTGCCTCCCTCCATAG,1
uc010tlk.1,ACTGGGTGGGCAGTATATTCAGATATTGGATCTGAGCCCTGTTCTCCCTAG,1
uc010tll.1,AGGCGATGTGGGGATGTAGAGACAACTTCCCAGTCTCATTTCCTCATCCTGCCAG,1
uc010utu.5,AGAGGAACATGGGCTCAGGACAGCGGGTGTCAGCTTGCCTGACCCCCATGTCGCCTCTGTAG,0
uc010uzr.1,AGGGCAGAGGGAATCCCACACGGGCTGGTGGATCATGTGTGTGCATTTCTCTCCCTTCTAG,1
uc010vad.1,TGAGAAGGCACAGCTTGCACGTGACCTCCTGGGCCTGGCGGCTGTGTCTTCACAG,0
uc010vag.1,AGGGCAGAGGGAATCCCACACGGGCTGGTGGATCATGTGTGTGCATTTCTCTCCCTTCTAG,1
uc010vai.1,AGGGCAGAGGGAATCCCACACGTGCTGGTGGATCATGTGTGTGCATTTCTCTCCCTTCTAG,1
uc010vpb.44,TGTGGAGACAGCGGGACACATGGCACTGGCCAGGTACCACCCTGTGTGCCCCTGCCCCGCAG,1
uc010vsk.1,GTGAGTGAGCTGCCGCCCTCCCAGCCACATGCCCCGAGGTGGCCCCGGGGTGCAGCCTGCTCAGC,0
uc010vtp.1,GTAAGGGAAGGGATAATCAGAGCTGGGTGGGGCCAGGGTGGTTTCCCCTGCCAGCCTGGCCTGACCAGCCTGTCCCCCACCCTCTGCAG,1
uc010wsc.11,ATCGGGTGAGGGGTGTCAAAGTGCTTAGCGTGTGCTCATGTGACACTGTGCACCCAG,1
uc010wsc.7,GTAGGATGATGGGGTCACGGACCAGGTCAGGGCTCACTCCCCACTGCCAGTTCCCCAAATGCTGAGTTGGCTCCTGCCCTGTCTCCTCCAG,1
uc010xjm.1,CCAGAGGCCGCACAGCAGGAACCTCACATTGGATGTATCTGCTGTTGTCCCCTCAG,1
uc010xqt.1,ACAGGGGTGGGCACTGGGTCCAGCTGTCAAGGGCGCTCTGGTCACTACTGTCTCCACCCCACAG,1
uc010yel.9,TGGTGAGGGAGACCAGCTGGCCCACTGGGTCCTGACCCTCTGCTCTCTCCCACCCGCAG,1
uc010zfg.1,TATGTCCTTTGTAAACAAATAGCAAGAGATTAATGGATGTGTTTTGCTGTTTGCATTGGACAG,0
uc010zyo.2,TAATGGAAAGGTACTCACAGAAAAGTTTTCTTTTTTCCTGTGTTTCACCTTCCAG,0
uc011ala.1,TTAGGGAGGCGAGATTGAGCCTTTTGTGAGGTTACAAATTAAAGCTCTGTCTGTGTCTCTAG,0
uc011cbz.1,TGAGGAGACTCAGCTGAGACTTTGGCTAATGTTGGGGGGTCCCTCCTGTGTCTCCCCAG,1
uc011dvp.1,TTGTGGAGTGGGGCAGGATGGTGCGTCATTTGGCCCATCTTTCCTCCTCCATTGCAG,1
uc011ktd.1,TGGGGGGATAGAGGCATGGAATAGGTGCTCTGACCTCTGACCCTCTAG,1
uc011lio.6,GATGAAGGGAATCACTCATGATAATAACATTTCATGAATGACTTTTCCTTCAG,0
uc011lxl.59,AAAGATGGAAGGGAAAATGCTCATGATGTATGATAAGAATCACGATGGATGTACGTGTGCACTTTTCCTTCTGCCTTCAG,0
uc011mbg.9,TCGGAGGCATTGGGGCTGACCTCATCTCCCTGACCATGTCTCCTATGCCCCCAAG,1
uc011mep.1,CCTGGGTCAGGGTCCATCAGGAGGAGGGTGCTGGCAGGGCTGGCCTTGCCCTGAGCTCTGCTCCGCCCACAG,1
uc011mzn.13,GTGAGTGGGGACTTGGGAAGGAGCTCGGGAGCCAAGGAGGCCAGACTGTGCCAATGAGCTGCCCTGACCTCAGCCCCACTGCCCCACAG,1
