class,id,seq,ismirtron
TRUE,uc001api.1.2,TGGGGGTTATGGAACCAGAAAATGGGATCATGCCATCTGGGTTGTTCCTTGGCTTCCAG,1
TRUE,uc001api.1.6,CAGCAGGAGAAAAGCTGGTGAATCAGAAATGACTTCATTCCACTCGGTTCTCTTCTGTTCTAG,0
TRUE,uc001bfj.61,TTGGGGGGTGGTAACTGTAGGAGCAGCCCACAAAGCCCACTGCCCCCGCCCACGTTGCCACCCCCAACCCAG,1
TRUE,uc001bny.0,AGGGGGCACTGGGCAGACAGTGTGTGCAAGATAGAGTCCAGGGCCACCTTCTGGCTGAGCCACACTGAGTCCATTACCCCCAG,1
TRUE,uc001bqa.8,CGGGGCAGAGAGAAGCCATGTGTGTCTGTCTGTCACTGACCGTGGCTTTCCCTTTGCCTGCAG,1
TRUE,uc001bvb.1,GGTGGGCGGGGTCCTGCTTGGTGCTCCTGTAACTCAGCACCCCTTCTCCCACCAAAG,1
TRUE,uc001cbk.2,TCCAAAGGGATATATATGACTGCATGTATGTGCTGTGTATTCTCTCTTTGAACAG,1
TRUE,uc001dxa.16,ATGGTGGGGATGTCAGGTGTGGGTTGTGAGCACACCCACCGTGACCTTGCCCACCCCAG,1
TRUE,uc001epm.3,TTGGTAAAGTTGGTTTAAAGTGATGACATGTATCTTCCTTGACCATCCTTATCAG,1
TRUE,uc001eto.1,TCAGAAATAGGAAGGTGGAAGGGCTTCATGGATAATCTCCTTTTCCTCCACTATCTTGTTTCTACAG,0
TRUE,uc001fpr.2,TGGGGAGGGTGTGAGAGAGGTGCCCAAAGGCCCCTAAAAGGTGAGCCTCTCCTCTCTCCCCACAG,1
TRUE,uc001fxk.4,GTAAGTCTGGGGAGATGGGGGGAGCTCTGCTGAGGGTGCACAAGGCCCTGGCTCTACACACATCCCTGTCTTACAG,1
TRUE,uc001gxo.1,AGGTAGAAGGAGAGAAAAGGAGGCTAGGAGTCAGCTGCTCACCCATTTCCTCCCCCTGCCAG,1
TRUE,uc001jvb.0,AGGGCAGGAAGGTGGGTCTTCTTGTGACTGAAGGTCCCCCGGATCTGCCCCTCCAG,1
TRUE,uc001kuo.1,AAGATAGGCTGGGCTGTGTTTCTTGGTTTGGGAAGATTCCAGTCCCCTAGAAATTGGTCCAATCTACCTCAG,1
TRUE,uc001kwy.1,TCTGGATGGGGCGGGAGGCTCACTGGTTTCATGTGGCGCTCATGTGCTGACTGCTCTCCCTCCAG,1
TRUE,uc001lue.1,TGGGCAGCTGGGTGGGCCTGAGCTAGGGCAGCAGGGCCTGGCTCACGCCGCTGCCTCAG,1
TRUE,uc001neq.2,TACTGAGTTGCAGTAGGGTATCAGCTTCTGATGCTAATGTGTCTGATTCCTGCTGTCTGCTTCTCAG,1
TRUE,uc001nkm.0,AGCAGGGCTGGAATGGTCAAGGTTCCTGGGATGTCACAGGATGCTGCTGACATGACCTTGCCCCTCCCTCCCTCCAG,1
TRUE,uc001nvf.1,GTAGGAAGCATGGACAGAGTAAGAACTTGTGTGTGGAGAGAATACTGCTTCCATGTTCCTAATACCTGTT,0
TRUE,uc001obh.2,GAGGGGTAGGGGCCACAGAGCAGGGCACCCGGCCATCCCATCTGTGACCCCACCTCTAG,1
TRUE,uc001ojn.1,AGGGAGGGGTGGCAGGGATTCCCGCCTGTTACAGAGACTCCCCCACACCTTTCTCCCAACAG,1
TRUE,uc001okc.13,TCTGGCCTCTGCAGCCACACGGCAGAAGTGACAGCTGTGGGCTCTGGTGGCTGCAG,1
TRUE,uc001okr.2,TGCATGGGACAGGAGAGCTTGTTGCAGAGATGTGATGCTAGGCTGAGGTGTCTTATCCCATGCAG,1
TRUE,uc001ont.5,CACTGGGGATGCTGCAGAGACCAGACAGACTCATGGGGTCATGGACTTCTGCTTCTTCTCCAG,1
TRUE,uc001orw.0,TCTGGGGCTGAGGCTGGCTGAGGCCCCTCCCCACCCACACCCAGCCTCCTCTCCAG,1
TRUE,uc001pyp.0,TCAGGGAGAAAGAAGGGTTATTAACATTAAAAGAACTTGCAGTAATTCCTTTTTCTCTTCCTCAG,1
TRUE,uc001qnt.0,ATGCGGGGCGGGGCCTGGGGTTGCCGCCCGAGGCTCACCGGCCCGCGTCCCCGCAG,1
TRUE,uc001qnt.2,CTGTGGGGTGGGGGTGCAGGCGCTTCTCCTTTAGCTGTGCCGCACTTCTCCCTACAG,1
TRUE,uc001spv.2,TGCTGCAGGCTCATACCATCCTAACTCTGTAAGCGACTTTTGGTGATAGGAGTCTGTGATTGTAG,1
TRUE,uc001tsa.19,CTGGCCAGGAACTTTTGGGATGGGGACACCACCTCTCAGCCCTCCCTCTCTTCCTGGCCCCAG,1
TRUE,uc001txo.3,ATGGGTGCTGGGGACATGCTGTAAAATACCGGTTGATCCCAGTCGTGTCCTTCCACCCAG,1
TRUE,uc001uiz.7,AGCCAGGACTGAGCTTGGCGAGCCCCTGAAGCCCAGGGGTCTCACAGACTCTTCTCCTGCAG,1
TRUE,uc001uje.5,GGGCCCGGCGGGGAGGGGCTCCGGGGCCGGCGCCGGTCCTGACGCTTCTCTCCCGCAG,1
TRUE,uc001ujz.10,AGGGGAGGGTGGTGGGGGCTAGCAGTCCGGGCCCTGTCTCACAACCACTGCCCTGCCCAG,1
TRUE,uc001war.28,TAGAGGAGTGGGTTTACTGGACAGTGATCTTTTGGTCTTATTGTTTGGTTTCCTAACTCATCTAG,1
TRUE,uc001whc.2,AGGGAGGCTGAGGGAAGGGACTCAGGCTGCTATCGTCACTGTCCCCATCCTTCCAG,1
TRUE,uc001whh.2,TAAGGGGAGAGGGAATGTGGGACATGACCCATCATTTCCTCCTTCCCCAG,1
TRUE,uc001zbn.2,GGGCATGGCAGGGGGAGCTGCAGGGCTGTTGGAGGGGCCCCAGCGTCTGAGCCCTGTCCTCCCGCAG,1
TRUE,uc001zqj.2,TTGGGGGCGGGGACAGGGAGGCTGGAGGAAGCCTTGCTGCCTCTCCCTCCTCCCCCCAG,1
TRUE,uc001ztb.2,TATTGGGAATTGTGGGTAGCGGTGCAGTAACTAGACCTGCCTTTCCCATAG,0
TRUE,uc002clv.14,AGGGAGTTGGTGGTGGGCATGGTGCCCTGTGTCCAGCTGGCACCCGAGCCGGCCGCCTGCCTTCCAG,1
TRUE,uc002cos.37,CGGGTAGGGGGAGTCTGGGCTTCAGGCTGGGATGGGGTCTGTGGAGCTGAGGCGGCCCCCTGCCCACCAG,1
TRUE,uc002cow.6,CGGGTGAGGGAGCGTGTGCCAGGCAGGCCGTGAGGGTCAGCACGCCCTCCTCTCCCAG,1
TRUE,uc002cqk.5,TGAGGTGCCTGGGTCAGTGCTGATAGGGCAGTCAGGCCGCCACTGACCTGAGCATCCTGCAG,1
TRUE,uc002dcr.2,AGGGCAGAGGGAATCCCACACGGGCTGGTGGATCATGTGTGTGCATTTCTCTCCCTTCTAG,1
TRUE,uc002dcx.3,AGGGCAGAGGGAATCCCACACGTGCTGGTGGATCATGTGTGTGCATTTCTCTCCCTTCTAG,1
TRUE,uc002dev.3,AGGGCAGAGGGAATCCCACACGTGCTGGTGGATCATGTGTGTGCATTTCTCTCCCTTCTAG,1
TRUE,uc002dfc.3,AGGGCAGAGGGAATCCCACACGTGCTGGTGGATCATGTGTGTGCATTTCTCTCCCTTCTAG,1
TRUE,uc002dva.1,GTGAGCTAGGGCTGCTTGGGGGCGGAGCCGATGGCGAGCCAGGTGGGTCCTGACCCTGCTTCCCTCTGCACTCGCCCAG,1
TRUE,uc002dww.3,TCGTGGCCTGCAGTGGATGAGGGCAGGAGGCTCATGGCTTCTGACACTGTGGGGAACGTGCAG,1
TRUE,uc002dzz.8,TACCTGGGCGCAGGGATGGGAGTGGCCAGGAGTGCTGACCTCTCATCTGGCTGCCCAG,1
TRUE,uc002egp.17,ACTGGCAAAAGGGTTTAGAACTTGACTGCCCTATAAAGAGTTCTTCCTCTGTGCCATAG,1
TRUE,uc002eux.5,TGGAGGGGAGCCGAGAGTATCGAGCAGGCACTGAAGCTGCGGTCCCTCCCTCTCCTCAG,1
TRUE,uc002ewx.1,TTGAGGATGATGCAGTTCAGCTGTTCCCACTCACCAGGGCTGTAACTTCCTTTGCAG,1
TRUE,uc002fsg.2,TCGGGGGTGGAACGGGGCTGCTGGCCCAGCTAAGGCTGCCTGACCTCGGCCCCACCCCTGCAG,1
TRUE,uc002fwx.16,TGGGCCAGGACTAAGGGATGGGCGTGTCTTCATGTGGGGCTTCTCATCTCTGATTCCCTGACCAG,1
TRUE,uc002fzo.5,TGGAGGGTAGACTGTGGGTTGGCAGCTCTAGACCTTGGCCTGATATGCTGACCCCTCTGCTCCTCAG,1
TRUE,uc002fzz.2,TGGCAGGGGGTGGAATTGTGACACCTGGATCCTAGCCTCCTTTCTCTTTCCTCCTCCTCCAG,1
TRUE,uc002gjp.18,GTGGGGTGGGGAATTGAGAGGATCTGACGCTGATTTCTTCCTCTCTCTTCCCTCAACTCTCAG,1
TRUE,uc002hbq.2,TTGGGATAGGCGTTCAGAGAAGGTAATTTGGTCTTTGGTCATCTTCCCTGTTCCTTATTTCAG,1
TRUE,uc002hbu.2,TCTGGAAAGGAAGGGCAGTTCCTTAACATTAATTATTGTTCATCCTTGCTTCTTCCTTCCAG,1
TRUE,uc002hcs.4,TGGGTTGCAGGGTAGGTGACAGGTAGTCAGGATATTGACTCCTGCCTCTCTACTTCTGTGGCCCCAG,1
TRUE,uc002huk.4,TGGAGCCAGGCTGAGAAGGGGTGCCATGGAGAAGAAGGCCCTCACTCTCCCTCCTCCCCCAG,1
TRUE,uc002hxf.1,CAGGGAGAGAACGGCCACACTCACTAATCGTTGATTCCCTTTCCCTCCCTCACAG,1
TRUE,uc002ihn.2,AGGAAGATGGCGGGGAGTAGTACTTCCCCGGAGCATAGATGTGGTTGAAGCTGCACCCTGTCCCCTCTTCCAG,1
TRUE,uc002imz.3,TGGGAGGAAAGCACAAGGTTTTTCCTTCCCCCTTGTTAAAGCCTCTGTGTTTTGCCCTAG,1
TRUE,uc002ivw.2,TCGAGGGGCAGGGCCAGAGCCTCTTTCCTGATCTCAGTCTCACCGGCCTCTTCTCTCCAG,1
TRUE,uc002jni.10,TGTGACCTGGTGGAAGTGGAAAGACAGTCAAGTGACGCTCTCTTTCTCTTGAACTTCTTCACTGGGGCAG,1
TRUE,uc002jth.6,CGGGGGGGCGGGGCTCAGAGCTGCTGCTCCTCTCTGCTGACCCTCTGTGTTCCGCCCACCCAG,1
TRUE,uc002juj.1,AGCAGGGGCTGCTGGAAGGAGAGAGGTGGCTGGAGCCTGACCCCCCCGCCAACCCCCTCTGCAG,1
TRUE,uc002jzz.1,TGAGGGCCTCTGGGGAGCACCTGCTGCTGTGAACATGTGTTCCTGTCTCCACCCTGCAG,1
TRUE,uc002kde.1,ATGGGCGGGAATTCAGAGCCAGTCAGGGCACGCGAGTGACTACCGGCCTGTTTCTCTCCTAG,1
TRUE,uc002kdg.1,GTGAGCAGGGCTGGGGTACCTCCCCCAACCTAGGACACCCCACTTGCCCTGCTGACC,1
TRUE,uc002loy.2,TGGGCAGGGGTGACTTGGAGAGAGTGACTTGCGGGGGACACCCTCTCACCCGGCCCCTCGTGCCCCAG,1
TRUE,uc002lpp.2,GTGAGTATGAGGCGGGCTGTCCCTGGCTCTCCCCAGGCTGCCCTGCGGCCGGCCCTGACCCCCTGTCTTGCAG,1
TRUE,uc002lrj.25,AGTGCCCGCGGCCGCTCAGGCCTGCAGTCTCCGCTGAGCTCCCGCCACGCACGCAG,1
TRUE,uc002lrp.2,CTGGGCCGGGCTGGGCTGGGGGCGCCGCAAGCTGGGGCTCCCAGCTGACGGACCGCTCTCCTTGCAG,1
TRUE,uc002lvg.5,ATCAGGGACTTGGGCGTGGGGGGCGGCCAAAGGCACCCAAGAGGCGGCTCTGCCACCCGGCCGTGTCCCTGCAG,1
TRUE,uc002lvy.2,CAGGAGCCACGGGACGCCCCAGCAGGGTATATGCAACAGACAGATTGTCACACCAGCTCGCTGTCCTGTGTCTCCCAG,1
TRUE,uc002mcx.7,AGGGTGCATGGTGTCGTTGTGGCCGAGCCAGGCTACCAAGTGACCTCTGACCCCGCTGTGCACCCACAG,1
TRUE,uc002mfn.13,GTGGAGCTGGACCAGGAGAGGAGTAACCAAGACTCACTCCCTCCTGCCCACCCCCCAG,1
TRUE,uc002mgo.12,TAGGGAATGGGGAAAGGGGAGCGAGCCAGAGAAAACTGACGCCCCTCTTCCCTGCTTCCTTCCTCCAG,1
TRUE,uc002mki.6,GTGGGGAGGGCGGTTTCAGCATGACTAGAATTCTGAACCCTGCATCGTCCCCCAG,1
TRUE,uc002muf.2,AGGGGAAGGAGGGCTGGCTGAGTCCAAGGCCTGACTTCGGCGCTCTTCCCCCAG,1
TRUE,uc002mvs.2.4,AAGGGAAGGAGGCTGGGGACCCCTGGGCCATTGCATGGACTTCCCACCTTCCCTCCTGAAG,1
TRUE,uc002mvw.6,TGGGGAGAGGAGGGGACCAGGGCTGTGAATTACCTTCCCTTCCCCACCCTCTCCTGCAG,1
TRUE,uc002mwj.8,GTTGGGGTGTCGTGGTCACGCTGGGAACTCGTGGCCACTGGTACCCCCCACAG,1
TRUE,uc002mxv.2,AGGGGGTCGGGCCGGACGGGGCCTGACGGTCTCCTCTCCGTCTCCATCCCCAG,1
TRUE,uc002mye.2,TATGGGACCAAGGAGAGGGCGTACCTACAAGGGTTGACGTTCCTCTTCCTGCCCCAG,1
TRUE,uc002ndi.2,TCTGCAGTGGATGGGAGAGGACACGGCTGGTGGGGATCGGGCTCAGCTGGGCCTTTCTGTCTCTGCAG,1
TRUE,uc002nhg.3,CCAGGGTGGGATGAGGCTTGGGAAAAATAGAAGCAGCCCTCTTGGCCTCACCCTCTCTAG,1
TRUE,uc002nkk.2,TGGGGGTGACGGGCAGGCATGGGGGCTGGAGTGGCTGACCCTGCCTCCCCGTGTCTGCCTGTGTCTCCAG,1
TRUE,uc002nxk.1,TGTGGGGCAGCATTGGGAGTGTGAACCCCCATCCAGGTTCTCACCTCTCAAACTTCCTCAG,1
TRUE,uc002nyr.2,AGGGGACGGGATGGAGGAACAGAGAAAGCTAAGGGTAGCCTCTGCCCTCCTACTCCCCAG,1
TRUE,uc002oam.6,ATGGGAGAAGGGGCAGGGAGCCTGGAGTCAGGCAGATGCTAGGGTCCCCCTCAGGTCCCTTCCTCCTCTTCTCCCTAG,1
TRUE,uc002ojz.2,GTGAGCACCGTGCTGGGTGGCAGGGAGGCCAGGGGCCCACCTAGTGCCACCTTTCCGTGACTCCTGCTGTCTCCCTGCAG,1
TRUE,uc002ola.6,CTGGAACATGGCAGAGGGCATACTAGGGGTTAACCTCCTGCCCTTTCTCATGTCCCCCCAG,1
TRUE,uc002olt.1,TTGGGGACTCTGAGGACCTCTGGGTCTTGGTGTTTCACTGTCCTCACTGTCTTCCCAG,1
TRUE,uc002owt.2,TGGTGGGGTGGAGGAGGAGAGAAGCTGGAGGCCTCAATCCATCCCCATCCCCTCAG,1
TRUE,uc002oxj.4,TGTGGGACCTGGGGTGCAAGTGCAAGAGCAACAGCCACTCACCCCAAACCCCAAG,0
TRUE,uc002ozy.0,ATTTGCTGGGGCTGAGTCGGGGGCGCGCGGGCCCTGACCTCTGCCCTCTGACCTCTCCCCTAGCAG,1
TRUE,uc002pcg.11,TTTGGAAGGGAGGAGGCAGAGACTCTGCCCCTGACCTCTGCTCCTTGTTTCCTTCCAG,1
TRUE,uc002pem.9,TGGGCTGTGGCAGCAGGTGGAGGCAGACAGTCACCCTGAACCCCTGTCTCTCCCTTCTGCCCACCCTCAG,1
TRUE,uc002pkp.4,CGGCGGTGCTAGGGGGTGAGAGGTAACATCTTCCACCCCTTACACCTGCCCTAG,1
TRUE,uc002qlt.9,AGGGGCCTAGGCTTGAGCAGAGGGAGACTGGGTCTGGGCCCCCTGTGACGCCGCTGCCTCCCCTGGCCCCACAG,1
TRUE,uc002rji.2,TACCCGGAGGCTGGATGATGCTTGGGGGAAAGTGTGAACAACTCAGCTAAGCTCCCTGCCTCCTGTAG,1
TRUE,uc002saj.2,TGGGGAAATGAAGTGAGAACAACTGAAATAGGAGAATAGATCAGTTATTCTGCTTCTAATTTCACAG,0
TRUE,uc002thw.2,TGGTAAGAGTAAATGTGTAACCAGTTGCAGTTATTTTGTGCCTTGGACATCTGCTCTTCCAG,1
TRUE,uc002vit.2,TTTGGGACCAGCAGATGAGGGCTGTGAGAGAGCTCTGACTTAGTGCCCTACATCTGCCTTCCCTCTAG,1
TRUE,uc002vzy.2,CAGCCAGGGCTGAGGCCAGTGCTGGAAGCCTTGTGGAGCTTGTGCTGACCTCAGCTCTGTTCCCCCAG,1
TRUE,uc002xqy.2,GTGGGGTGCTGGGAGCCAGACATGGCAAGCTTGTCTTACCCTCCCTCCACTTCCAG,1
TRUE,uc002xro.3,CAGGGCGGAGGCAGGGCAGGGCCGGACCAGACCTGATGGTGCCTGTCCCCCGCCCTGCAG,1
TRUE,uc003afq.9,GGGAAGGGGAGATTGCTATGACTGATGCTCATCAGCTTGGCACTTTCCTTTGTCCAG,1
TRUE,uc003ahl.2,TTGGGGAGCTCAGACAGGGCAAATAGGTGGGTCTTTGATAAGGAATACCTTTGCCTCTGGCTCACCCTCTAG,1
TRUE,uc003bbo.2,TCTGGGTAAGGGAGCAGGGCCAGCATTCTATCTCACTGCTGTTCTCTGCTCTCCCCGCAG,1
TRUE,uc003bdd.4,CAGGACGAGTGTCAACAAGGACCTCCAAAGTCACTGTTGTACTCTTGCTCCTACAG,1
TRUE,uc003bmk.3,TTGTGGGAACAGAGGGGTGGGTACATATCTGAAGGTGCATCTGAACTCTTGGCTCCCACAG,1
TRUE,uc003buw.19,TGGAGTTTGGGAAAGATTGGCAGCCCAAGGTTTAAACCATTCTTCCTCTTTGCTCCAG,1
TRUE,uc003cqp.17,TGGGGTGGAGTAGGGCAGGAAACTGGCTGGAAGGTCCCCCTCACTGCCATCCTCCTTCCCCCAG,1
TRUE,uc003cum.7,GGAGATGGTGAGGGCAGGGAGTGTGCTGAGTCATGCCTTGCCCTCTCCCTCTAG,1
TRUE,uc003dbw.10,GTAAGTGTGGAGGGAGAGTTGGGGGAGGACGGGGGTGGAGCTGATCTGCTCCCAGGGTCTCATCCATCTCTTCTCCATGCAG,1
TRUE,uc003dej.63,TGTGGGCAGAGCAGAGCCTGCATTGGCCATCTCCATCTGGCCCAGGCCAACAGGCCTTGCTCTGCTCACAG,1
TRUE,uc003gel.2,GTGGGGGACGTTTGCCGGTCACTGCTGCTGGCGCCCTGACTGTTGCCGTCCTCCAG,1
TRUE,uc003lam.6,GGGGACCGGGGCGGGGACACATGGTCCTCTAACATGACCATACACTCATCTCTGCTCCCCACAG,1
TRUE,uc003lcf.18,GTTGGGAAATGGTAGTGAAGGAAAGCTTGAGTGTAGCCTTCACCTCTATTCTTCCCTGGTAG,1
TRUE,uc003lud.3,TCGGGCGCAAGAGCACTGCAGTTCTGTTGGGTGACAGCAGTGTTTGTTTTGCCCACAG,0
TRUE,uc003mhh.2,AGGGGAGGGGACAGGGCATGGGAGTGCGGTGCTCTCACCTTTGACTTGAACTCATTCCCCAG,1
TRUE,uc003mik.1,TCAGGAGGTAGAGCAGGCAGCTGCCCAGGTCTCACACCTGCCCTCTCTGCCCTCTCT,0
TRUE,uc003mim.8,TGGGGAGGACAGCCATGACAGGAAGTGGAACTCACCCGCTTCGCTGCCCTTCCCAG,1
TRUE,uc003mtz.4,TCGCCTGCACATAGGCCAGGAGGACAGTGTGTGTCATGACTGAAACTCTCCTTTGTCTCTGTGTGTGGCAG,1
TRUE,uc003orw.1,TCGGGGAGATGAGAGACGTGTTGGCTAACCAGCTGCAGATATTCACCTCACATCTCTTGCTCTCCCCCAG,1
TRUE,uc003pvv.2,CTGGGAGGAATGGAAGCGAACAGGAGAAAGCCACACTGAGCCTTTATCTCCATTTCTTCCCAG,1
TRUE,uc003skn.2,CGGGCGGAGTGGGGGCACAGGCGGAGTGGGGGCACAGGCGTAGCGGGGACAGGGTCTGTACCCTCACCTCACCCAG,1
TRUE,uc003slx.1,TGGGGCGGACAGCGCATACCTGCCTAGCCTTACAGTGTGGGTATGTGCCAACGGCCCTCTCTCACTCAG,1
TRUE,uc003tyk.11,TATGGAAGATCGGGGCAGTGGGAGCTCTCTAGCGGCTGCTGACGGCTCTGTCTCCCTAG,1
TRUE,uc003upz.5,CCAGGGGAGGAGGTGAGTGCAGAGGAGTGGGACACCGTGACTCACAGCTCTCTCCCCTCAG,1
TRUE,uc003vnz.3,TTGGGCTGCGAGGGACTTTGGGGGGCACTTCCTGGCATGGACACCAGCTCCCTCTCTGCCCAG,1
TRUE,uc003xat.2,CCAGGGGGACAGGGAGAGGATGTGTGATCTTGAGCCTCACTGTCCATGTCCCCCCGACACAG,1
TRUE,uc003yzv.2,GTAAGTGCGGACTTTGGGGGGACGGGGTCCTGGAGAGGTCCCCGCCCGCTCAGCTCTGCGCCCT,0
TRUE,uc003zab.4,GTGGGCTTGGGTCGGTGGGGACGGGGCGGCTGGGCGTGCCCTGCGGCCACGGCTCTGA,1
TRUE,uc004aub.2,ATGCAGGGGTAAGTCAGGACCACGGGAGGTGTCTGGTGCTGACCCTGGGTCCGGTTGTCCTGCAG,1
TRUE,uc004bft.2,AGGGAAAAAAAAAAGGATTTGTCTTGTAGCCAGGATATTGTTTTAAAGAAAATCCTTTTTGTTTTTCCAG,0
TRUE,uc004bvw.9,GTGTGGAGGGAATGGGGGCTATGTGTGAGGGAGCAGGGCTGGGGTCCCGGGACTAAGCTCCCCCTTTTCTCCCAG,1
TRUE,uc004dgu.1,AACACAGGGAAGGGGGAACTGCAGGGTTACAGCTTCCTTTTCCCTTCTCTGTGCAG,1
TRUE,uc004dmz.1,CACGCAGGGCCGCCAAGGCAATGGGCGGGGTACCACAGCCGAGCCTTGTCTCCCTGCAG,1
TRUE,uc004dyy.42,ACGGATTGGGAAAGGAGGTTGAAGAAGGAGAAAAGTTCGACTTCAGTCTTCCACTTCCTATTTCCACCCAG,1
TRUE,uc004flm.2,GTGCGGCTCTGTGGGTGCCCGGGCCGTATGTGGCCTGGCCGGCCCTGACGCTCTCTGAGCCCTAG,1
TRUE,uc004fph.2,TGGGATGTTTCTGGGTGGTTGGCCCTGGGTCTGGTCTGAACACCCTCTGCGTCCCCCAG,1
TRUE,uc009vxn.2,ATGGAGGGAATCGGCAGCTGAGGCCTGACCCCTGCCTGGCTGCCCTCCCTCTCAG,1
TRUE,uc009vxw.2,TGGGGTGGTGACAGTAGAAGGCTGAAACCAACATAGCTGAAACCTCTGCTTCTCTCACCTGGCAG,1
TRUE,uc009whm.3,TCTGGAGGTGGAAGGAAAGGATTGGGAGCCAGCAATACTTTCCCTCCTTTTCCAG,1
TRUE,uc009ybz.1,CTGGGTGCGGGCCCTCAGGCCGTGGGAGGCAGTGACGGCAGGGCCTTGGGTCTGTGCCCACAG,1
TRUE,uc009yqd.11,TGAGGGTGGGCTGAGTGGGCAGCTGCAGCCCTGCTCCCTCCTCCCTCCCACCAG,1
TRUE,uc009zbe.10,TGGAGGGGAAACTTGGATTGGGGAGAGGGCTCTGCCCTCCCTTCCTCATTCCAGGGCTCTCCTCTACCCTTAG,1
TRUE,uc009zno.1,TTGGGGGAATGCTGGACATGAGTTGCGCTAGGGTTCCCGGCTCACCCCAGCCTGCCTCCACAG,1
TRUE,uc009zpl.1,CTAGGGTGGAGTGTGGGTTGAGTCCAGAACCCGACATTGAGAGATGGACTCTCCCTACTATCTTCCCTAG,1
TRUE,uc010bit.1,CAGGGGAATTGGAGCTGGATTCTAGTGTGGGAGCACGCTTGTCATCTTCCTTCTTTTCCCCCAG,1
TRUE,uc010bto.1,CCAGGGCCACATAGTCACATAGTCACATAGTCACATGTGTCTGTGTCTGCCCAG,1
TRUE,uc010bvf.1,AGGGCAGAGGGAATCCCACACGGGCTGGTGGATCATGTGTGTGCATTTCTCTCCCTTCTAG,1
TRUE,uc010cel.1,TAGGCTGGATGGGGCTGGGCTGGGCAAGGCTGAGCAAAGCCAGCCCATTAACCCCTGTCCTCTCCTGCCCTTAG,1
TRUE,uc010cgn.2,TCTGGGGCCGCTGGGGACAGGCCAGGGCATGGACTGACCTGCTTCCTGTGCTCCTCCAG,1
TRUE,uc010cwp.5,TGAGAGGCTGAAAGGGGTCTGCGGCCCCAGCTGACCCCCGTCTTTCTCTCTAG,1
TRUE,uc010dgk.2,TAGGTGGGGCATGTCAGGAGGAGCTGGCGGGTGCCACAGCCTCCCTGCCTATCCCTGCCCAG,1
TRUE,uc010dtt.14,ACGGGGGCTGAGAGCAGAACCCCGAGCTGGACTCTGCTCCCTCCCCCCAG,1
TRUE,uc010eei.2,GTGGGGGGAGTGCAGTGGCAGGAGGGAGAGTGTCCATAAAACACCATCCTGACTCAGCTCTGGCTCTGCTGTCTCCCCAG,1
TRUE,uc010eei.27,TGGGGGTTGGGGGTGGAGCCGCGGAGGTGGGAGCTGCTGGTAACACCAACCCTCCCCCCACAG,1
TRUE,uc010erg.2,AAGGGAGATGGGTGTGGGGAAGGGCCCAGAGTCTGACCTGGCCCCTTGCCCACCCCCTTCTGCCCAG,1
TRUE,uc010fgg.2,ATGGGAAGTTGATTAAGGGAAATGAACCAGCATTCTGCCCATTGCCTGCAACTTCTTCCCCAG,1
TRUE,uc010gzc.1,TCCAGGGGCAGTCTGCCACCCATCCTTCCTGACTGCCTGGCCCTGTCCCCTGCAG,1
TRUE,uc010ncj.16,CAGGGACAGGTCCAGCTGGCTCGGCCCTCCCAAGCCCGCGGCCCCAGCAGCCGGCTCCTGTCCTCAG,1
TRUE,uc010ogn.1,TCTGGGAGAACAAGGGGTCCCTGAAGACCAGCAACCATCTCACTCTGGCACCCCTGCTCCCCCAG,1
TRUE,uc010pke.1,TAGGGAGAAGGGAGTAAACAGGAATGACCACAACCCTTTCCCGATCTCCTTTTTTCCTAG,1
TRUE,uc010rhl.1,CCAGGGGTGTGTGGCCCAGTGGGGTCCCCTGAGCCACTGCTCCCCTGCAG,1
TRUE,uc010sly.8,CTGGAGTGAGCAGTGGGCAGAGCTCCTGGTGAGCACTGCTGCTGCCTCCCTCCATAG,1
TRUE,uc010tlk.1,ACTGGGTGGGCAGTATATTCAGATATTGGATCTGAGCCCTGTTCTCCCTAG,1
TRUE,uc010tll.1,AGGCGATGTGGGGATGTAGAGACAACTTCCCAGTCTCATTTCCTCATCCTGCCAG,1
TRUE,uc010utu.5,AGAGGAACATGGGCTCAGGACAGCGGGTGTCAGCTTGCCTGACCCCCATGTCGCCTCTGTAG,0
TRUE,uc010uzr.1,AGGGCAGAGGGAATCCCACACGGGCTGGTGGATCATGTGTGTGCATTTCTCTCCCTTCTAG,1
TRUE,uc010vad.1,TGAGAAGGCACAGCTTGCACGTGACCTCCTGGGCCTGGCGGCTGTGTCTTCACAG,1
TRUE,uc010vag.1,AGGGCAGAGGGAATCCCACACGGGCTGGTGGATCATGTGTGTGCATTTCTCTCCCTTCTAG,1
TRUE,uc010vai.1,AGGGCAGAGGGAATCCCACACGTGCTGGTGGATCATGTGTGTGCATTTCTCTCCCTTCTAG,1
TRUE,uc010vpb.44,TGTGGAGACAGCGGGACACATGGCACTGGCCAGGTACCACCCTGTGTGCCCCTGCCCCGCAG,1
TRUE,uc010vsk.1,GTGAGTGAGCTGCCGCCCTCCCAGCCACATGCCCCGAGGTGGCCCCGGGGTGCAGCCTGCTCAGC,1
TRUE,uc010vtp.1,GTAAGGGAAGGGATAATCAGAGCTGGGTGGGGCCAGGGTGGTTTCCCCTGCCAGCCTGGCCTGACCAGCCTGTCCCCCACCCTCTGCAG,1
TRUE,uc010wsc.11,ATCGGGTGAGGGGTGTCAAAGTGCTTAGCGTGTGCTCATGTGACACTGTGCACCCAG,1
TRUE,uc010wsc.7,GTAGGATGATGGGGTCACGGACCAGGTCAGGGCTCACTCCCCACTGCCAGTTCCCCAAATGCTGAGTTGGCTCCTGCCCTGTCTCCTCCAG,1
TRUE,uc010xjm.1,CCAGAGGCCGCACAGCAGGAACCTCACATTGGATGTATCTGCTGTTGTCCCCTCAG,1
TRUE,uc010xqt.1,ACAGGGGTGGGCACTGGGTCCAGCTGTCAAGGGCGCTCTGGTCACTACTGTCTCCACCCCACAG,1
TRUE,uc010yel.9,TGGTGAGGGAGACCAGCTGGCCCACTGGGTCCTGACCCTCTGCTCTCTCCCACCCGCAG,1
TRUE,uc010zfg.1,TATGTCCTTTGTAAACAAATAGCAAGAGATTAATGGATGTGTTTTGCTGTTTGCATTGGACAG,0
TRUE,uc010zyo.2,TAATGGAAAGGTACTCACAGAAAAGTTTTCTTTTTTCCTGTGTTTCACCTTCCAG,0
TRUE,uc011ala.1,TTAGGGAGGCGAGATTGAGCCTTTTGTGAGGTTACAAATTAAAGCTCTGTCTGTGTCTCTAG,1
TRUE,uc011cbz.1,TGAGGAGACTCAGCTGAGACTTTGGCTAATGTTGGGGGGTCCCTCCTGTGTCTCCCCAG,1
TRUE,uc011dvp.1,TTGTGGAGTGGGGCAGGATGGTGCGTCATTTGGCCCATCTTTCCTCCTCCATTGCAG,1
TRUE,uc011ktd.1,TGGGGGGATAGAGGCATGGAATAGGTGCTCTGACCTCTGACCCTCTAG,1
TRUE,uc011lio.6,GATGAAGGGAATCACTCATGATAATAACATTTCATGAATGACTTTTCCTTCAG,1
TRUE,uc011lxl.59,AAAGATGGAAGGGAAAATGCTCATGATGTATGATAAGAATCACGATGGATGTACGTGTGCACTTTTCCTTCTGCCTTCAG,0
TRUE,uc011mbg.9,TCGGAGGCATTGGGGCTGACCTCATCTCCCTGACCATGTCTCCTATGCCCCCAAG,1
TRUE,uc011mep.1,CCTGGGTCAGGGTCCATCAGGAGGAGGGTGCTGGCAGGGCTGGCCTTGCCCTGAGCTCTGCTCCGCCCACAG,1
TRUE,uc011mzn.13,GTGAGTGGGGACTTGGGAAGGAGCTCGGGAGCCAAGGAGGCCAGACTGTGCCAATGAGCTGCCCTGACCTCAGCCCCACTGCCCCACAG,1
